Дата операції за розрахунками обліку заборгованості,"Кількість днів, за які нарахована заборгованість",Залишок поточної заборгованості за наданим кредитом (тілом кредиту),"Сальдо, на яке в цьому періоду проценти не нараховуються (пільговий період)",Залишок простроченої заборгованості (тіло кредиту),Процентна ставка (поточна),Процентна ставка (прострочена),Нараховано відсотків на залишок поточної заборгованості за кредитом,Залишок за процентами (поточними),Залишок за процентами (простроченими),Штраф,Сума погашення за кредитним договором,Загальний залишок заборгованості
2020-11-18,0,0.00,0.00,0.00,44.40,88.80,0.00,0.00,0.00,0.00,0.00,0.00
2020-11-19,1,-16386.00,0.00,0.00,44.40,88.80,0.00,0.00,0.00,0.00,0.00,-16386.00
2020-11-30,11,-16386.00,0.00,0.00,44.40,88.80,0.00,0.00,0.00,0.00,0.00,-16386.00
2020-12-01,1,-18720.00,0.00,0.00,44.40,88.80,0.00,0.00,0.00,0.00,16386.00,-18720.00
2020-12-02,1,-24397.54,0.00,0.00,44.40,88.80,0.00,0.00,0.00,0.00,0.00,-24397.54
2020-12-04,2,-24425.54,0.00,0.00,44.40,88.80,0.00,0.00,0.00,0.00,0.00,-24425.54
2020-12-05,1,-24429.54,0.00,0.00,44.40,88.80,0.00,0.00,0.00,0.00,0.00,-24429.54
2020-12-12,7,-28069.54,0.00,0.00,44.40,88.80,0.00,0.00,0.00,0.00,0.00,-28069.54
2020-12-18,6,-28761.37,0.00,0.00,44.40,88.80,0.00,0.00,0.00,0.00,0.00,-28761.37
2020-12-21,3,-28905.44,0.00,0.00,44.40,88.80,0.00,0.00,0.00,0.00,0.00,-28905.44
2020-12-24,3,-29039.31,0.00,0.00,44.40,88.80,0.00,0.00,0.00,0.00,0.00,-29039.31
2020-12-25,1,-29552.37,0.00,0.00,44.40,88.80,0.00,0.00,0.00,0.00,0.00,-29552.37
2020-12-28,3,-29906.81,0.00,0.00,44.40,88.80,0.00,0.00,0.00,0.00,3045.00,-29906.81
2020-12-29,1,-29936.81,0.00,0.00,44.40,88.80,0.00,0.00,0.00,0.00,0.00,-29936.81
2020-12-30,1,-29979.59,0.00,0.00,44.40,88.80,0.00,0.00,0.00,0.00,0.00,-29979.59
2020-12-31,1,-29979.59,0.00,0.00,44.40,88.80,0.00,0.00,0.00,0.00,0.00,-29979.59
2021-01-23,23,-26566.74,0.00,0.00,44.40,88.80,0.00,0.00,0.00,0.00,3412.85,-26566.74
2021-01-24,1,-25366.74,0.00,0.00,44.40,88.80,0.00,0.00,0.00,0.00,1200.00,-25366.74
2021-01-28,4,-28701.18,0.00,0.00,44.40,88.80,0.00,0.00,0.00,0.00,0.00,-28701.18
2021-01-31,3,-28701.18,0.00,0.00,44.40,88.80,-1958.17,-1958.17,0.00,0.00,0.00,-30659.35
2021-02-02,2,-16659.35,0.00,0.00,44.40,88.80,0.00,0.00,0.00,0.00,14000.00,-16659.35
2021-02-12,10,-16971.35,0.00,0.00,44.40,88.80,0.00,0.00,0.00,0.00,0.00,-16971.35
2021-02-13,1,-29971.35,0.00,0.00,44.40,88.80,0.00,0.00,0.00,0.00,0.00,-29971.35
2021-02-28,15,-33305.79,0.00,0.00,44.40,88.80,0.00,0.00,0.00,0.00,0.00,-33305.79
2021-03-01,1,-29910.79,0.00,0.00,44.40,88.80,0.00,0.00,0.00,0.00,4200.00,-29910.79
2021-03-28,27,-33245.23,0.00,0.00,44.40,88.80,0.00,0.00,0.00,0.00,0.00,-33245.23
2021-03-31,3,-33245.23,0.00,0.00,44.40,88.80,-1055.15,-1055.15,0.00,0.00,0.00,-34300.38
2021-04-27,27,-20301.38,0.00,0.00,44.40,88.80,0.00,0.00,0.00,0.00,13999.00,-20301.38
2021-04-28,1,-23635.82,0.00,0.00,44.40,88.80,0.00,0.00,0.00,0.00,0.00,-23635.82
2021-04-30,2,-23635.82,0.00,0.00,44.40,88.80,-1082.63,-1082.63,0.00,0.00,0.00,-24718.45
2021-05-01,1,-21718.45,0.00,0.00,44.40,88.80,0.00,0.00,0.00,0.00,3000.00,-21718.45
2021-05-31,30,-25052.89,0.00,0.00,40.80,81.60,-758.47,-758.47,0.00,0.00,0.00,-25811.36
2021-06-12,12,-26903.80,0.00,0.00,40.80,81.60,0.00,-758.47,0.00,0.00,0.00,-27662.27
2021-06-16,4,-27606.24,0.00,0.00,40.80,81.60,0.00,-758.47,0.00,0.00,0.00,-28364.71
2021-06-24,8,-26864.71,0.00,0.00,40.80,81.60,0.00,0.00,0.00,0.00,1500.00,-26864.71
2021-06-28,4,-28292.41,0.00,0.00,40.80,81.60,0.00,0.00,0.00,0.00,0.00,-28292.41
2021-06-29,1,-28343.51,0.00,0.00,40.80,81.60,0.00,0.00,0.00,0.00,0.00,-28343.51
2021-06-30,1,-28343.51,0.00,0.00,40.80,81.60,-897.91,-897.91,0.00,0.00,0.00,-29241.42
2021-07-01,1,-27241.42,0.00,0.00,40.80,81.60,0.00,0.00,0.00,0.00,2000.00,-27241.42
2021-07-17,16,-27646.42,0.00,0.00,40.80,81.60,0.00,0.00,0.00,0.00,0.00,-27646.42
2021-07-19,2,-27826.39,0.00,0.00,40.80,81.60,0.00,0.00,0.00,0.00,0.00,-27826.39
2021-07-20,1,-28277.96,0.00,0.00,40.80,81.60,0.00,0.00,0.00,0.00,0.00,-28277.96
2021-07-21,1,-28707.96,0.00,0.00,40.80,81.60,0.00,0.00,0.00,0.00,0.00,-28707.96
2021-07-22,1,-28859.96,0.00,0.00,40.80,81.60,0.00,0.00,0.00,0.00,0.00,-28859.96
2021-07-23,1,-29358.96,0.00,0.00,40.80,81.60,0.00,0.00,0.00,0.00,0.00,-29358.96
2021-07-24,1,-29517.96,0.00,0.00,40.80,81.60,0.00,0.00,0.00,0.00,0.00,-29517.96
2021-07-26,2,-29907.96,0.00,0.00,40.80,81.60,0.00,0.00,0.00,0.00,0.00,-29907.96
2021-07-31,5,-29907.96,0.00,0.00,40.80,81.60,-979.88,-979.88,0.00,0.00,0.00,-30887.84
2021-08-26,26,-29287.84,0.00,0.00,40.80,81.60,0.00,0.00,0.00,0.00,1600.00,-29287.84
2021-08-31,5,-29287.84,0.00,0.00,40.80,81.60,-1032.92,-1032.92,0.00,0.00,0.00,-30320.76
2021-09-01,1,-29287.84,0.00,0.00,40.80,81.60,0.00,-332.92,0.00,0.00,700.00,-29620.76
2021-09-27,26,-28620.76,0.00,0.00,40.80,81.60,0.00,0.00,0.00,0.00,1000.00,-28620.76
2021-09-30,3,-28620.76,0.00,0.00,40.80,81.60,-979.89,-979.89,0.00,0.00,0.00,-29600.65
2021-10-01,1,-28100.65,0.00,0.00,40.80,81.60,0.00,0.00,0.00,0.00,1500.00,-28100.65
2021-10-02,1,0.00,0.00,0.00,40.80,81.60,0.00,0.00,0.00,0.00,28336.36,235.71
2021-10-04,2,0.00,0.00,0.00,40.80,81.60,0.00,0.00,0.00,0.00,0.00,144.81
2021-10-31,27,0.00,0.00,0.00,40.80,81.60,-32.01,-32.01,0.00,0.00,0.00,112.80
2021-11-30,30,0.00,0.00,0.00,40.80,81.60,0.00,0.00,0.00,0.00,0.00,112.80
2021-12-02,2,-689.22,0.00,0.00,40.80,81.60,0.00,0.00,0.00,0.00,0.00,-689.22
2021-12-03,1,-895.95,0.00,0.00,40.80,81.60,0.00,0.00,0.00,0.00,0.00,-895.95
2021-12-04,1,-4171.83,0.00,0.00,40.80,81.60,0.00,0.00,0.00,0.00,0.00,-4171.83
2021-12-05,1,-5168.83,0.00,0.00,40.80,81.60,0.00,0.00,0.00,0.00,0.00,-5168.83
2021-12-06,1,-6547.65,0.00,0.00,40.80,81.60,0.00,0.00,0.00,0.00,0.00,-6547.65
2021-12-07,1,-8524.93,0.00,0.00,40.80,81.60,0.00,0.00,0.00,0.00,0.00,-8524.93
2021-12-08,1,-10133.06,0.00,0.00,40.80,81.60,0.00,0.00,0.00,0.00,0.00,-10133.06
2021-12-09,1,-11011.06,0.00,0.00,40.80,81.60,0.00,0.00,0.00,0.00,0.00,-11011.06
2021-12-10,1,-11802.74,0.00,0.00,40.80,81.60,0.00,0.00,0.00,0.00,0.00,-11802.74
2021-12-11,1,-13374.42,0.00,0.00,40.80,81.60,0.00,0.00,0.00,0.00,0.00,-13374.42
2021-12-12,1,-14766.01,0.00,0.00,40.80,81.60,0.00,0.00,0.00,0.00,0.00,-14766.01
2021-12-13,1,-15310.29,0.00,0.00,40.80,81.60,0.00,0.00,0.00,0.00,0.00,-15310.29
2021-12-14,1,-15254.59,0.00,0.00,40.80,81.60,0.00,0.00,0.00,0.00,413.70,-15254.59
2021-12-15,1,-17343.87,0.00,0.00,40.80,81.60,0.00,0.00,0.00,0.00,0.00,-17343.87
2021-12-16,1,-17398.87,0.00,0.00,40.80,81.60,0.00,0.00,0.00,0.00,0.00,-17398.87
2021-12-17,1,-17590.37,0.00,0.00,40.80,81.60,0.00,0.00,0.00,0.00,0.00,-17590.37
2021-12-18,1,-18869.15,0.00,0.00,40.80,81.60,0.00,0.00,0.00,0.00,0.00,-18869.15
2021-12-19,1,-19220.44,0.00,0.00,40.80,81.60,0.00,0.00,0.00,0.00,0.00,-19220.44
2021-12-20,1,-19973.65,0.00,0.00,40.80,81.60,0.00,0.00,0.00,0.00,0.00,-19973.65
2021-12-21,1,-23865.18,0.00,0.00,40.80,81.60,0.00,0.00,0.00,0.00,0.00,-23865.18
2021-12-22,1,-24438.37,0.00,0.00,40.80,81.60,0.00,0.00,0.00,0.00,0.00,-24438.37
2021-12-23,1,-26579.15,0.00,0.00,40.80,81.60,0.00,0.00,0.00,0.00,0.00,-26579.15
2021-12-24,1,-27135.88,0.00,0.00,40.80,81.60,0.00,0.00,0.00,0.00,0.00,-27135.88
2021-12-25,1,-29019.66,0.00,0.00,40.80,81.60,0.00,0.00,0.00,0.00,0.00,-29019.66
2021-12-26,1,-29842.29,0.00,0.00,40.80,81.60,0.00,0.00,0.00,0.00,0.00,-29842.29
2021-12-27,1,-29922.29,0.00,0.00,40.80,81.60,0.00,0.00,0.00,0.00,0.00,-29922.29
2021-12-31,4,-29922.29,0.00,0.00,40.80,81.60,0.00,0.00,0.00,0.00,0.00,-29922.29
2022-01-31,31,-28422.29,0.00,0.00,40.80,81.60,-1671.58,-1671.58,0.00,0.00,1500.00,-30093.87
2022-02-01,1,-28422.29,0.00,0.00,40.80,81.60,0.00,-1571.58,0.00,0.00,100.00,-29993.87
2022-02-28,27,-28422.29,0.00,0.00,40.80,81.60,-889.58,-2461.16,0.00,0.00,0.00,-30883.45
2022-03-31,31,-28422.29,0.00,0.00,40.80,81.60,-984.88,-3446.04,0.00,0.00,0.00,-31868.33
2022-04-30,30,-28422.29,0.00,0.00,40.80,81.60,-953.11,-4399.15,0.00,0.00,0.00,-32821.44
2022-05-31,31,-28422.29,0.00,0.00,40.80,81.60,-984.92,-5384.07,0.00,0.00,0.00,-33806.36
2022-06-30,30,-28422.29,0.00,0.00,40.80,81.60,-953.12,-6337.19,0.00,0.00,0.00,-34759.48
2022-07-31,31,-28422.29,0.00,0.00,40.80,81.60,-984.89,-7322.08,0.00,0.00,0.00,-35744.37
2022-08-01,1,-27985.03,0.00,-437.26,40.80,81.60,0.00,-6368.96,-953.12,0.00,0.00,-35744.37
2022-08-22,21,-27985.03,0.00,-437.26,40.80,81.60,0.00,-6368.96,-753.12,0.00,200.00,-35544.37
2022-08-31,9,-27985.03,0.00,-437.26,40.80,81.60,-984.87,-7353.83,-753.12,0.00,0.00,-36529.24
2022-09-01,1,-27540.15,0.00,-882.14,40.80,81.60,0.00,-6368.94,-1738.01,0.00,0.00,-36529.24
2022-09-13,12,0.00,0.00,0.00,40.80,81.60,0.00,0.00,0.00,0.00,40000.00,3470.76
2022-09-30,17,0.00,0.00,0.00,40.80,81.60,-381.25,-381.25,0.00,0.00,0.00,3089.51
2022-10-08,8,0.00,0.00,0.00,40.80,81.60,0.00,0.00,0.00,0.00,0.00,567.01
2022-10-15,7,0.00,0.00,0.00,40.80,81.60,0.00,0.00,0.00,0.00,0.00,522.01
2022-10-16,1,0.00,0.00,0.00,40.80,81.60,0.00,0.00,0.00,0.00,0.00,409.71
2022-10-18,2,0.00,0.00,0.00,40.80,81.60,0.00,0.00,0.00,0.00,0.00,319.41
2022-10-31,13,0.00,0.00,0.00,40.80,81.60,0.00,0.00,0.00,0.00,0.00,319.41
2022-11-30,30,0.00,0.00,0.00,40.80,81.60,0.00,0.00,0.00,0.00,0.00,319.41
2022-12-31,31,0.00,0.00,0.00,40.80,81.60,0.00,0.00,0.00,0.00,0.00,319.41
2023-01-31,31,0.00,0.00,0.00,40.80,81.60,0.00,0.00,0.00,0.00,0.00,319.41
2023-02-28,28,0.00,0.00,0.00,40.80,81.60,0.00,0.00,0.00,0.00,0.00,319.41
2023-03-31,31,0.00,0.00,0.00,40.80,81.60,0.00,0.00,0.00,0.00,0.00,319.41
2023-04-30,30,0.00,0.00,0.00,40.80,81.60,0.00,0.00,0.00,0.00,0.00,319.41
2023-05-31,31,0.00,0.00,0.00,40.80,81.60,0.00,0.00,0.00,0.00,0.00,319.41
2023-06-28,28,-1227.81,0.00,0.00,40.80,81.60,0.00,0.00,0.00,0.00,0.00,-1227.81
2023-06-30,2,-1227.81,0.00,0.00,40.80,81.60,0.00,0.00,0.00,0.00,0.00,-1227.81
2023-07-10,10,0.00,0.00,0.00,40.80,81.60,0.00,0.00,0.00,0.00,1300.00,72.19
2023-07-31,21,0.00,0.00,0.00,40.80,81.60,0.00,0.00,0.00,0.00,0.00,72.19
2023-08-11,11,0.00,0.00,0.00,40.80,81.60,0.00,0.00,0.00,0.00,0.00,11.19
2023-08-18,7,0.00,0.00,0.00,40.80,81.60,0.00,0.00,0.00,0.00,100.00,111.19
2023-08-20,2,0.00,0.00,0.00,40.80,81.60,0.00,0.00,0.00,0.00,0.00,67.19
2023-08-21,1,0.00,0.00,0.00,40.80,81.60,0.00,0.00,0.00,0.00,0.00,59.19
2023-08-22,1,0.00,0.00,0.00,40.80,81.60,0.00,0.00,0.00,0.00,0.00,7.19
2023-08-25,3,-8312.52,0.00,0.00,40.80,81.60,0.00,0.00,0.00,0.00,0.00,-8312.52
2023-08-26,1,-10465.44,0.00,0.00,40.80,81.60,0.00,0.00,0.00,0.00,0.00,-10465.44
2023-08-27,1,-10757.74,0.00,0.00,40.80,81.60,0.00,0.00,0.00,0.00,0.00,-10757.74
2023-08-28,1,-11654.06,0.00,0.00,40.80,81.60,0.00,0.00,0.00,0.00,549.12,-11654.06
2023-08-29,1,-12736.30,0.00,0.00,40.80,81.60,0.00,0.00,0.00,0.00,0.00,-12736.30
2023-08-30,1,-13454.40,0.00,0.00,40.80,81.60,0.00,0.00,0.00,0.00,0.00,-13454.40
2023-08-31,1,-13454.40,0.00,0.00,40.80,81.60,0.00,0.00,0.00,0.00,0.00,-13454.40
2023-09-01,1,-17094.40,0.00,0.00,40.80,81.60,0.00,0.00,0.00,0.00,0.00,-17094.40
2023-09-02,1,-17134.90,0.00,0.00,40.80,81.60,0.00,0.00,0.00,0.00,0.00,-17134.90
2023-09-03,1,-17388.14,0.00,0.00,40.80,81.60,0.00,0.00,0.00,0.00,0.00,-17388.14
2023-09-04,1,-17548.14,0.00,0.00,40.80,81.60,0.00,0.00,0.00,0.00,0.00,-17548.14
2023-09-05,1,-17888.44,0.00,0.00,40.80,81.60,0.00,0.00,0.00,0.00,0.00,-17888.44
2023-09-07,2,-18032.12,0.00,0.00,40.80,81.60,0.00,0.00,0.00,0.00,0.00,-18032.12
2023-09-08,1,-19568.12,0.00,0.00,40.80,81.60,0.00,0.00,0.00,0.00,0.00,-19568.12
2023-09-09,1,-20228.12,0.00,0.00,40.80,81.60,0.00,0.00,0.00,0.00,520.00,-20228.12
2023-09-10,1,-20750.10,0.00,0.00,40.80,81.60,0.00,0.00,0.00,0.00,0.00,-20750.10
2023-09-11,1,-21016.10,0.00,0.00,40.80,81.60,0.00,0.00,0.00,0.00,0.00,-21016.10
2023-09-12,1,-21218.10,0.00,0.00,40.80,81.60,0.00,0.00,0.00,0.00,0.00,-21218.10
2023-09-13,1,-21474.10,0.00,0.00,40.80,81.60,0.00,0.00,0.00,0.00,0.00,-21474.10
2023-09-14,1,-21140.10,0.00,0.00,40.80,81.60,0.00,0.00,0.00,0.00,400.00,-21140.10
2023-09-15,1,-22330.10,0.00,0.00,40.80,81.60,0.00,0.00,0.00,0.00,5000.00,-22330.10
2023-09-16,1,-22883.10,0.00,0.00,40.80,81.60,0.00,0.00,0.00,0.00,0.00,-22883.10
2023-09-17,1,-23491.90,0.00,0.00,40.80,81.60,0.00,0.00,0.00,0.00,0.00,-23491.90
2023-09-18,1,-23592.90,0.00,0.00,40.80,81.60,0.00,0.00,0.00,0.00,0.00,-23592.90
2023-09-19,1,-23689.80,0.00,0.00,40.80,81.60,0.00,0.00,0.00,0.00,0.00,-23689.80
2023-09-20,1,-23754.80,0.00,0.00,40.80,81.60,0.00,0.00,0.00,0.00,0.00,-23754.80
2023-09-21,1,-24029.80,0.00,0.00,40.80,81.60,0.00,0.00,0.00,0.00,0.00,-24029.80
2023-09-22,1,-33165.80,0.00,0.00,40.80,81.60,0.00,0.00,0.00,0.00,0.00,-33165.80
2023-09-23,1,-34893.08,0.00,0.00,40.80,81.60,0.00,0.00,0.00,0.00,0.00,-34893.08
2023-09-24,1,-35448.78,0.00,0.00,40.80,81.60,0.00,0.00,0.00,0.00,0.00,-35448.78
2023-09-25,1,-41431.90,0.00,0.00,40.80,81.60,0.00,0.00,0.00,0.00,0.00,-41431.90
2023-09-26,1,-41709.59,0.00,0.00,40.80,81.60,0.00,0.00,0.00,0.00,0.00,-41709.59
2023-09-27,1,-42002.59,0.00,0.00,40.80,81.60,0.00,0.00,0.00,0.00,0.00,-42002.59
2023-09-28,1,-42138.39,0.00,0.00,40.80,81.60,0.00,0.00,0.00,0.00,0.00,-42138.39
2023-09-29,1,-42300.39,0.00,0.00,40.80,81.60,0.00,0.00,0.00,0.00,0.00,-42300.39
2023-09-30,1,-42459.39,0.00,0.00,40.80,81.60,-1013.91,-1013.91,0.00,0.00,0.00,-43473.30
2023-10-01,1,-47389.71,0.00,0.00,40.80,81.60,0.00,-1013.91,0.00,0.00,0.00,-48403.62
2023-10-02,1,-48294.71,0.00,0.00,40.80,81.60,0.00,-1013.91,0.00,0.00,0.00,-49308.62
2023-10-03,1,-49259.14,0.00,0.00,40.80,81.60,0.00,-1013.91,0.00,0.00,0.00,-50273.05
2023-10-04,1,-49383.14,0.00,0.00,40.80,81.60,0.00,-1013.91,0.00,0.00,0.00,-50397.05
2023-10-05,1,-49460.14,0.00,0.00,40.80,81.60,0.00,-1013.91,0.00,0.00,0.00,-50474.05
2023-10-06,1,-49691.17,0.00,0.00,40.80,81.60,0.00,-1013.91,0.00,0.00,0.00,-50705.08
2023-10-08,2,-49849.47,0.00,0.00,40.80,81.60,0.00,-1013.91,0.00,0.00,0.00,-50863.38
2023-10-09,1,-50114.57,0.00,0.00,40.80,81.60,0.00,-1013.91,0.00,0.00,0.00,-51128.48
2023-10-10,1,-50259.37,0.00,0.00,40.80,81.60,0.00,-1013.91,0.00,0.00,0.00,-51273.28
2023-10-11,1,-51083.37,0.00,0.00,40.80,81.60,0.00,-1013.91,0.00,0.00,0.00,-52097.28
2023-10-12,1,-51218.37,0.00,0.00,40.80,81.60,0.00,-1013.91,0.00,0.00,0.00,-52232.28
2023-10-13,1,-51273.37,0.00,0.00,40.80,81.60,0.00,-1013.91,0.00,0.00,0.00,-52287.28
2023-10-14,1,-52029.37,0.00,0.00,40.80,81.60,0.00,-1013.91,0.00,0.00,0.00,-53043.28
2023-10-15,1,-52693.67,0.00,0.00,40.80,81.60,0.00,-1013.91,0.00,0.00,0.00,-53707.58
2023-10-16,1,-53109.67,0.00,0.00,40.80,81.60,0.00,-1013.91,0.00,0.00,0.00,-54123.58
2023-10-17,1,-49178.58,0.00,0.00,40.80,81.60,0.00,0.00,0.00,0.00,5000.00,-49178.58
2023-10-18,1,-49238.88,0.00,0.00,40.80,81.60,0.00,0.00,0.00,0.00,0.00,-49238.88
2023-10-19,1,-49266.88,0.00,0.00,40.80,81.60,0.00,0.00,0.00,0.00,0.00,-49266.88
2023-10-20,1,-49436.88,0.00,0.00,40.80,81.60,0.00,0.00,0.00,0.00,0.00,-49436.88
2023-10-22,2,-49840.45,0.00,0.00,40.80,81.60,0.00,0.00,0.00,0.00,0.00,-49840.45
2023-10-23,1,-50590.52,0.00,0.00,40.80,81.60,0.00,0.00,0.00,0.00,0.00,-50590.52
2023-10-25,2,-51352.72,0.00,0.00,40.80,81.60,0.00,0.00,0.00,0.00,0.00,-51352.72
2023-10-26,1,-51413.02,0.00,0.00,40.80,81.60,0.00,0.00,0.00,0.00,0.00,-51413.02
2023-10-30,4,-51518.02,0.00,0.00,40.80,81.60,0.00,0.00,0.00,0.00,0.00,-51518.02
2023-10-31,1,-51534.02,0.00,0.00,40.80,81.60,-1757.91,-1757.91,0.00,0.00,0.00,-53291.93
2023-11-01,1,-52590.27,0.00,0.00,40.80,81.60,0.00,-1757.91,0.00,0.00,0.00,-54348.18
2023-11-03,2,-57306.27,0.00,0.00,40.80,81.60,0.00,-1757.91,0.00,0.00,0.00,-59064.18
2023-11-04,1,-58001.27,0.00,0.00,40.80,81.60,0.00,-1757.91,0.00,0.00,0.00,-59759.18
2023-11-05,1,-58029.17,0.00,0.00,40.80,81.60,0.00,-1757.91,0.00,0.00,0.00,-59787.08
2023-11-06,1,-58208.02,0.00,0.00,40.80,81.60,0.00,-1757.91,0.00,0.00,0.00,-59965.93
2023-11-07,1,-58256.02,0.00,0.00,40.80,81.60,0.00,-1757.91,0.00,0.00,0.00,-60013.93
2023-11-08,1,-58316.02,0.00,0.00,40.80,81.60,0.00,-1757.91,0.00,0.00,0.00,-60073.93
2023-11-09,1,-25323.93,0.00,0.00,40.80,81.60,0.00,0.00,0.00,0.00,34810.00,-25323.93
2023-11-10,1,-25416.23,0.00,0.00,40.80,81.60,0.00,0.00,0.00,0.00,0.00,-25416.23
2023-11-11,1,-25464.23,0.00,0.00,40.80,81.60,0.00,0.00,0.00,0.00,0.00,-25464.23
2023-11-13,2,-25768.23,0.00,0.00,40.80,81.60,0.00,0.00,0.00,0.00,0.00,-25768.23
2023-11-14,1,-25816.23,0.00,0.00,40.80,81.60,0.00,0.00,0.00,0.00,0.00,-25816.23
2023-11-15,1,-25844.23,0.00,0.00,40.80,81.60,0.00,0.00,0.00,0.00,0.00,-25844.23
2023-11-16,1,-25882.23,0.00,0.00,40.80,81.60,0.00,0.00,0.00,0.00,0.00,-25882.23
2023-11-17,1,-26542.26,0.00,0.00,40.80,81.60,0.00,0.00,0.00,0.00,0.00,-26542.26
2023-11-18,1,-26592.26,0.00,0.00,40.80,81.60,0.00,0.00,0.00,0.00,0.00,-26592.26
2023-11-19,1,-26624.56,0.00,0.00,40.80,81.60,0.00,0.00,0.00,0.00,0.00,-26624.56
2023-11-20,1,-26796.56,0.00,0.00,40.80,81.60,0.00,0.00,0.00,0.00,0.00,-26796.56
2023-11-21,1,-26834.56,0.00,0.00,40.80,81.60,0.00,0.00,0.00,0.00,0.00,-26834.56
2023-11-22,1,-27029.16,0.00,0.00,40.80,81.60,0.00,0.00,0.00,0.00,0.00,-27029.16
2023-11-23,1,-27067.16,0.00,0.00,40.80,81.60,0.00,0.00,0.00,0.00,0.00,-27067.16
2023-11-24,1,-33345.16,0.00,0.00,40.80,81.60,0.00,0.00,0.00,0.00,0.00,-33345.16
2023-11-25,1,-34260.16,0.00,0.00,40.80,81.60,0.00,0.00,0.00,0.00,0.00,-34260.16
2023-11-30,5,-34260.16,0.00,0.00,40.80,81.60,-1267.15,-1267.15,0.00,0.00,0.00,-35527.31
2023-12-01,1,-34290.16,0.00,0.00,40.80,81.60,0.00,-1267.15,0.00,0.00,0.00,-35557.31
2023-12-04,3,-34751.02,0.00,0.00,40.80,81.60,0.00,-1267.15,0.00,0.00,0.00,-36018.17
2023-12-09,5,-36802.18,0.00,0.00,40.80,81.60,0.00,-1267.15,0.00,0.00,0.00,-38069.33
2023-12-13,4,-37243.18,0.00,0.00,40.80,81.60,0.00,-1267.15,0.00,0.00,0.00,-38510.33
2023-12-20,7,-36510.33,0.00,0.00,40.80,81.60,0.00,0.00,0.00,0.00,2000.00,-36510.33
2023-12-30,10,-37836.29,0.00,0.00,40.80,81.60,0.00,0.00,0.00,0.00,0.00,-37836.29
2023-12-31,1,-37836.29,0.00,0.00,40.80,81.60,-1262.25,-1262.25,0.00,0.00,0.00,-39098.54
2024-01-01,1,-40956.29,0.00,0.00,40.80,81.60,0.00,-1262.25,0.00,0.00,0.00,-42218.54
2024-01-04,3,-42892.73,0.00,0.00,40.80,81.60,0.00,-1262.25,0.00,0.00,0.00,-44154.98
2024-01-05,1,-43230.13,0.00,0.00,40.80,81.60,0.00,-1262.25,0.00,0.00,0.00,-44492.38
2024-01-08,3,-23139.12,0.00,0.00,40.80,81.60,0.00,0.00,0.00,0.00,31009.12,-23139.12
2024-01-09,1,-25190.28,0.00,0.00,40.80,81.60,0.00,0.00,0.00,0.00,0.00,-25190.28
2024-01-11,2,-29152.14,0.00,0.00,40.80,81.60,0.00,0.00,0.00,0.00,0.00,-29152.14
2024-01-16,5,-30088.14,0.00,0.00,40.80,81.60,0.00,0.00,0.00,0.00,0.00,-30088.14
2024-01-17,1,-34024.85,0.00,0.00,40.80,81.60,0.00,0.00,0.00,0.00,0.00,-34024.85
2024-01-24,7,-37839.37,0.00,0.00,40.80,81.60,0.00,0.00,0.00,0.00,0.00,-37839.37
2024-01-25,1,-42107.53,0.00,0.00,40.80,81.60,0.00,0.00,0.00,0.00,0.00,-42107.53
2024-01-30,5,-50055.53,0.00,0.00,40.80,81.60,0.00,0.00,0.00,0.00,0.00,-50055.53
2024-01-31,1,-50055.53,0.00,0.00,40.80,81.60,-1322.62,-1322.62,0.00,0.00,0.00,-51378.15
2024-02-03,3,-51199.53,0.00,0.00,40.80,81.60,0.00,-1322.62,0.00,0.00,0.00,-52522.15
2024-02-04,1,-53115.65,0.00,0.00,40.80,81.60,0.00,-1322.62,0.00,0.00,0.00,-54438.27
2024-02-08,4,-58195.12,0.00,0.00,40.80,81.60,0.00,-1322.62,0.00,0.00,0.00,-59517.74
2024-02-09,1,-60246.28,0.00,0.00,40.80,81.60,0.00,-1322.62,0.00,0.00,0.00,-61568.90
2024-02-23,14,-59468.90,0.00,0.00,40.80,81.60,0.00,0.00,0.00,0.00,2100.00,-59468.90
2024-02-25,2,-62916.50,0.00,0.00,40.80,81.60,0.00,0.00,0.00,0.00,0.00,-62916.50
2024-02-29,4,-62916.50,0.00,0.00,40.80,81.60,-1900.51,-1900.51,0.00,0.00,0.00,-64817.01
2024-03-08,8,-64746.79,0.00,0.00,40.80,81.60,0.00,-1900.51,0.00,0.00,0.00,-66647.30
2024-03-09,1,-66797.95,0.00,0.00,40.80,81.60,0.00,-1900.51,0.00,0.00,0.00,-68698.46
2024-03-31,22,-66797.95,0.00,0.00,40.80,81.60,-2275.80,-4176.31,0.00,0.00,0.00,-70974.26
2024-04-01,1,-66105.78,0.00,-692.17,40.80,81.60,0.00,-2275.80,-1900.51,0.00,0.00,-70974.26
2024-04-08,7,-67936.07,0.00,-692.17,40.80,81.60,0.00,-2275.80,-1900.51,0.00,0.00,-72804.55
2024-04-09,1,-69987.23,0.00,-692.17,40.80,81.60,0.00,-2275.80,-1900.51,0.00,0.00,-74855.71
2024-04-17,8,-69987.23,0.00,-692.17,40.80,81.60,0.00,-2275.80,-1700.51,0.00,200.00,-74655.71
2024-04-26,9,-69987.23,0.00,0.00,40.80,81.60,0.00,-2268.48,0.00,0.00,2400.00,-72255.71
2024-04-30,4,-69987.23,0.00,0.00,40.80,81.60,-2328.03,-4596.51,0.00,0.00,0.00,-74583.74
2024-05-01,1,-69424.06,0.00,-563.17,40.80,81.60,0.00,-2328.03,-2268.48,0.00,0.00,-74583.74
2024-05-02,1,-69424.06,0.00,-563.17,40.80,81.60,0.00,-2328.03,-1993.48,0.00,275.00,-74308.74
2024-05-08,6,-71254.35,0.00,-563.17,40.80,81.60,0.00,-2328.03,-1993.48,0.00,0.00,-76139.03
2024-05-09,1,-73305.51,0.00,-563.17,40.80,81.60,0.00,-2328.03,-1993.48,0.00,0.00,-78190.19
2024-05-28,19,-73305.51,0.00,0.00,40.80,81.60,0.00,-2284.68,0.00,0.00,2600.00,-75590.19
2024-05-31,3,-73305.51,0.00,0.00,40.80,81.60,-2518.26,-4802.94,0.00,0.00,0.00,-78108.45
2024-06-01,1,-72650.19,0.00,-655.32,40.80,81.60,0.00,-2518.26,-2284.68,0.00,0.00,-78108.45
2024-06-08,7,-74480.48,0.00,-655.32,40.80,81.60,0.00,-2518.26,-2284.68,0.00,0.00,-79938.74
2024-06-09,1,-76531.64,0.00,-655.32,40.80,81.60,0.00,-2518.26,-2284.68,0.00,0.00,-81989.90
2024-06-30,21,-76531.64,0.00,-655.32,40.80,81.60,-2548.77,-5067.03,-2284.68,0.00,0.00,-84538.67
2024-07-01,1,-75925.56,0.00,-1261.40,40.80,81.60,0.00,-2548.77,-4802.94,0.00,0.00,-84538.67
2024-07-08,7,-77755.85,0.00,-1261.40,40.80,81.60,0.00,-2548.77,-1802.94,0.00,3000.00,-83368.96
2024-07-09,1,-79807.01,0.00,-1261.40,40.80,81.60,0.00,-2548.77,-1802.94,0.00,0.00,-85420.12
2024-07-22,13,-79807.01,0.00,-64.34,40.80,81.60,0.00,-2548.77,0.00,0.00,3000.00,-82420.12
2024-07-24,2,-79807.01,0.00,0.00,40.80,81.60,0.00,-2513.11,0.00,0.00,100.00,-82320.12
2024-07-31,7,-79807.01,0.00,0.00,40.80,81.60,-2756.45,-5269.56,0.00,0.00,0.00,-85076.57
2024-08-01,1,-78974.23,0.00,-832.78,40.80,81.60,0.00,-2756.45,-2513.11,0.00,0.00,-85076.57
2024-08-05,4,-78974.23,0.00,0.00,40.80,81.60,0.00,-2752.34,0.00,0.00,3350.00,-81726.57
2024-08-08,3,-80804.52,0.00,0.00,40.80,81.60,0.00,-2752.34,0.00,0.00,0.00,-83556.86
2024-08-09,1,-82855.68,0.00,0.00,40.80,81.60,0.00,-2752.34,0.00,0.00,0.00,-85608.02
2024-08-31,22,-82855.68,0.00,0.00,40.80,81.60,-2835.30,-5587.64,0.00,0.00,0.00,-88443.32
2024-09-01,1,-82209.07,0.00,-646.61,40.80,81.60,0.00,-2835.30,-2752.34,0.00,0.00,-88443.32
2024-09-08,7,-84039.36,0.00,-646.61,40.80,81.60,0.00,-2835.30,-2752.34,0.00,0.00,-90273.61
2024-09-09,1,-86090.52,0.00,0.00,40.80,81.60,0.00,-2834.25,0.00,0.00,3400.00,-88924.77
2024-09-30,21,-86090.52,0.00,0.00,40.80,81.60,-2853.03,-5687.28,0.00,0.00,0.00,-91777.80
2024-10-01,1,-85388.09,0.00,-702.43,40.80,81.60,0.00,-2853.03,-2834.25,0.00,0.00,-91777.80
2024-10-08,7,-87218.38,0.00,-702.43,40.80,81.60,0.00,-2853.03,-2834.25,0.00,0.00,-93608.09
2024-10-09,1,-89269.54,0.00,-702.43,40.80,81.60,0.00,-2853.03,-2834.25,0.00,0.00,-95659.25
2024-10-21,12,-88806.22,0.00,0.00,40.80,81.60,0.00,-2853.03,0.00,0.00,4000.00,-91659.25
2024-10-31,10,-88806.22,0.00,0.00,40.80,81.60,-3063.65,-5916.68,0.00,0.00,0.00,-94722.90
2024-11-01,1,-88451.46,0.00,-354.76,40.80,81.60,0.00,-3063.65,-2853.03,0.00,0.00,-94722.90
2024-11-05,4,-88359.25,0.00,0.00,40.80,81.60,0.00,-3063.65,0.00,0.00,3300.00,-91422.90
2024-11-08,3,-90189.54,0.00,0.00,40.80,81.60,0.00,-3063.65,0.00,0.00,0.00,-93253.19
2024-11-09,1,-92240.70,0.00,0.00,40.80,81.60,0.00,-3063.65,0.00,0.00,0.00,-95304.35
2024-11-28,19,-91607.64,0.00,0.00,40.80,81.60,0.00,-696.71,0.00,0.00,3000.00,-92304.35
2024-11-30,2,-91607.64,0.00,0.00,40.80,81.60,-3053.28,-3749.99,0.00,0.00,0.00,-95357.63
2024-12-01,1,-91607.64,0.00,0.00,40.80,81.60,0.00,-3053.28,-696.71,0.00,0.00,-95357.63
2024-12-05,4,-91604.35,0.00,0.00,40.80,81.60,0.00,-3053.28,0.00,0.00,700.00,-94657.63
2024-12-08,3,-93434.64,0.00,0.00,40.80,81.60,0.00,-3053.28,0.00,0.00,0.00,-96487.92
2024-12-09,1,-95485.80,0.00,0.00,40.80,81.60,0.00,-3053.28,0.00,0.00,0.00,-98539.08
2024-12-31,22,-95485.80,0.00,0.00,40.80,81.60,-3267.20,-6320.48,0.00,0.00,0.00,-101806.28
2025-01-01,1,-94719.08,0.00,0.00,40.80,81.60,0.00,-3267.20,0.00,0.00,3820.00,-97986.28
2025-01-08,7,-96549.37,0.00,0.00,40.80,81.60,0.00,-3267.20,0.00,0.00,0.00,-99816.57
2025-01-09,1,-98600.53,0.00,0.00,40.80,81.60,0.00,-3267.20,0.00,0.00,0.00,-101867.73
2025-01-31,22,-98600.53,0.00,0.00,40.80,81.60,-3384.88,-6652.08,0.00,0.00,0.00,-105252.61
2025-02-01,1,-97804.46,0.00,-796.07,40.80,81.60,0.00,-3384.88,-3267.20,0.00,0.00,-105252.61
2025-02-02,1,-97767.73,0.00,0.00,40.80,81.60,0.00,-3384.88,0.00,0.00,4100.00,-101152.61
2025-02-08,6,-99598.02,0.00,0.00,40.80,81.60,0.00,-3384.88,0.00,0.00,0.00,-102982.90
2025-02-09,1,-101649.18,0.00,0.00,40.80,81.60,0.00,-3384.88,0.00,0.00,0.00,-105034.06
2025-02-28,19,-101649.18,0.00,0.00,40.80,81.60,-3150.70,-6535.58,0.00,0.00,0.00,-108184.76
2025-03-01,1,-100860.69,0.00,-788.49,40.80,81.60,0.00,-3150.70,-3384.88,0.00,0.00,-108184.76
2025-03-03,2,-100834.06,0.00,0.00,40.80,81.60,0.00,-3150.70,0.00,0.00,4200.00,-103984.76
2025-03-08,5,-102664.35,0.00,0.00,40.80,81.60,0.00,-3150.70,0.00,0.00,0.00,-105815.05
2025-03-09,1,-104715.51,0.00,0.00,40.80,81.60,0.00,-3150.70,0.00,0.00,0.00,-107866.21
2025-03-31,22,-103565.45,0.00,0.00,40.80,81.60,-3598.62,-5899.38,0.00,0.00,2000.00,-109464.83
2025-04-01,1,-103565.45,0.00,0.00,40.80,81.60,0.00,-3598.62,-2300.76,0.00,0.00,-109464.83
2025-04-07,6,-103466.21,0.00,0.00,40.80,81.60,0.00,-3598.62,0.00,0.00,2400.00,-107064.83
2025-04-08,1,-105296.50,0.00,0.00,40.80,81.60,0.00,-3598.62,0.00,0.00,0.00,-108895.12
2025-04-09,1,-107347.66,0.00,0.00,40.80,81.60,0.00,-3598.62,0.00,0.00,0.00,-110946.28
2025-04-30,21,-106646.28,0.00,0.00,40.80,81.60,-3567.98,-3567.98,0.00,0.00,4300.00,-110214.26
2025-05-08,8,-108476.57,0.00,0.00,40.80,81.60,0.00,-3567.98,0.00,0.00,0.00,-112044.55
2025-05-09,1,-110527.73,0.00,0.00,40.80,81.60,0.00,-3567.98,0.00,0.00,0.00,-114095.71
2025-05-31,22,-110527.73,0.00,0.00,40.80,81.60,-3797.28,-7365.26,0.00,0.00,0.00,-117892.99
2025-06-01,1,-109687.14,0.00,-840.59,40.80,81.60,0.00,-3797.28,-3567.98,0.00,0.00,-117892.99
2025-06-05,4,-109295.71,0.00,0.00,40.80,81.60,0.00,-3797.28,0.00,0.00,4800.00,-113092.99
2025-06-08,3,-111126.00,0.00,0.00,40.80,81.60,0.00,-3797.28,0.00,0.00,0.00,-114923.28
2025-06-09,1,-113177.16,0.00,0.00,40.80,81.60,0.00,-3797.28,0.00,0.00,0.00,-116974.44
2025-06-30,21,-113177.16,0.00,0.00,40.80,81.60,-3769.62,-7566.90,0.00,0.00,0.00,-120744.06
2025-07-01,1,-112650.15,0.00,-527.01,40.80,81.60,0.00,-3769.62,-3797.28,0.00,0.00,-120744.06
2025-07-08,7,-114480.44,0.00,-527.01,40.80,81.60,0.00,-3769.62,-3797.28,0.00,0.00,-122574.35
2025-07-09,1,-116531.60,0.00,-527.01,40.80,81.60,0.00,-3769.62,-3797.28,0.00,0.00,-124625.51
2025-07-14,5,-115855.89,0.00,0.00,40.80,81.60,0.00,-3769.62,0.00,0.00,5000.00,-119625.51
2025-07-31,17,-115855.89,0.00,0.00,40.80,81.60,-4000.73,-7770.35,0.00,0.00,0.00,-123626.24
2025-08-01,1,-115471.46,0.00,-384.43,40.80,81.60,0.00,-4000.73,-3769.62,0.00,0.00,-123626.24
2025-08-08,7,-117301.75,0.00,-384.43,40.80,81.60,0.00,-4000.73,-3769.62,0.00,0.00,-125456.53
2025-08-09,1,-119352.91,0.00,-384.43,40.80,81.60,0.00,-4000.73,-3769.62,0.00,0.00,-127507.69
2025-08-11,2,-119352.91,0.00,0.00,40.80,81.60,0.00,-4000.73,-3654.05,0.00,500.00,-127007.69
2025-08-31,20,-119352.91,0.00,0.00,40.80,81.60,-4107.87,-8108.60,-3654.05,0.00,0.00,-131115.56
2025-09-01,1,-118408.59,0.00,-944.32,40.80,81.60,0.00,-4107.87,-7654.78,0.00,0.00,-131115.56
2025-09-08,7,-120238.88,0.00,-944.32,40.80,81.60,0.00,-4107.87,-7654.78,0.00,0.00,-132945.85
2025-09-09,1,-122290.04,0.00,-944.32,40.80,81.60,0.00,-4107.87,-7654.78,0.00,0.00,-134997.01
2025-09-30,21,-122290.04,0.00,-944.32,40.80,81.60,-4099.93,-8207.80,-7654.78,0.00,0.00,-139096.94
2025-10-01,1,-121153.29,0.00,-2081.07,40.80,81.60,0.00,-4099.93,-11762.65,0.00,0.00,-139096.94
2025-10-04,3,-121153.29,0.00,-1978.07,40.80,81.60,0.00,-4099.93,-11762.65,0.00,103.00,-138993.94
2025-10-08,4,-122983.58,0.00,-1978.07,40.80,81.60,0.00,-4099.93,-11762.65,0.00,0.00,-140824.23
2025-10-09,1,-125034.74,0.00,-1978.07,40.80,81.60,0.00,-4099.93,-11762.65,0.00,0.00,-142875.39
2025-10-10,1,-125034.74,0.00,-1958.07,40.80,81.60,0.00,-4099.93,-11762.65,0.00,20.00,-142855.39
2025-10-27,17,-125034.74,0.00,-1858.07,40.80,81.60,0.00,-4099.93,-11762.65,0.00,100.00,-142755.39
2025-10-31,4,-125034.74,0.00,-1858.07,40.80,81.60,-4368.10,-8468.03,-11762.65,0.00,0.00,-147123.49
2025-11-01,1,-123570.79,0.00,-3322.02,40.80,81.60,0.00,-4368.10,-15862.58,0.00,0.00,-147123.49
2025-11-08,7,-131112.80,0.00,-3322.02,40.80,81.60,0.00,-4368.10,-15862.58,0.00,0.00,-154665.50
2025-11-21,13,-131112.80,0.00,-2322.02,40.80,81.60,0.00,-4368.10,-15862.58,0.00,1000.00,-153665.50
2025-11-30,9,-131112.80,0.00,-2322.02,40.80,81.60,-4439.11,-8807.21,-15862.58,0.00,0.00,-158104.61
2025-12-01,1,-129595.96,0.00,-3838.86,40.80,81.60,0.00,-4439.11,-20230.68,0.00,0.00,-158104.61
2025-12-15,14,-129595.96,0.00,-2838.86,40.80,81.60,0.00,-4439.11,-20230.68,0.00,1000.00,-157104.61
2025-12-31,16,-129595.96,0.00,-2838.86,40.80,81.60,-4605.96,-9045.07,-20230.68,0.00,0.00,-161710.57
2026-01-01,1,-127710.89,0.00,-4723.93,40.80,81.60,0.00,-4605.96,-24669.79,0.00,0.00,-161710.57
2026-01-19,18,-127710.89,0.00,-3723.93,40.80,81.60,0.00,-4605.96,-24669.79,0.00,1000.00,-160710.57
2026-01-31,12,-127710.89,0.00,-3723.93,40.80,81.60,-4575.74,-9181.70,-24669.79,0.00,0.00,-165286.31
2026-02-01,1,-125848.43,0.00,-5586.39,40.80,81.60,0.00,-4575.74,-29275.75,0.00,0.00,-165286.31
2026-02-28,27,-125848.43,0.00,-5586.39,40.80,81.60,-4113.69,-8689.43,-29275.75,0.00,0.00,-169400.00
2026-03-01,1,-123812.72,0.00,-7622.10,40.80,81.60,0.00,-4113.69,-33851.49,0.00,0.00,-169400.00
2026-03-31,30,-123812.72,0.00,-7622.10,40.80,81.60,-4554.55,-8668.24,-33851.49,0.00,0.00,-173954.55
2026-04-01,1,-121150.41,0.00,-10284.41,40.80,81.60,0.00,-4554.55,-37965.18,0.00,0.00,-173954.55
2026-04-30,29,-121150.41,0.00,-10284.41,40.80,81.60,-4407.52,-8962.07,-37965.18,0.00,0.00,-178362.07
2026-05-01,1,-118746.78,0.00,-12688.04,40.80,81.60,0.00,-4407.52,-42519.73,0.00,0.00,-178362.07
2026-05-31,30,-118746.78,0.00,-12688.04,40.80,81.60,-4554.54,-8962.06,-42519.73,0.00,0.00,-182916.61
2026-06-01,1,-116019.82,0.00,-15415.00,40.80,81.60,0.00,-4554.54,-46927.25,0.00,0.00,-182916.61
2026-06-11,10,-116019.82,0.00,-15415.00,40.80,81.60,0.00,-6170.56,-46927.25,0.00,0.00,-184532.63
