дата_время,описание,комиссия,категория
2020-12-01 09:29,47*6703,520,прочие
2020-12-01 14:20,47*6703,200,прочие
2020-12-02 09:27,53*7143,200,прочие
2020-12-12 05:41,51*1486,140,прочие
2020-12-18 14:07,51*7258,14.12,прочие
2021-02-12 10:47,53*8672,12,прочие
2021-10-02 21:11,Зі своєї картки,0.3,прочие
2021-10-02 22:23,Зі своєї картки,0.6,прочие
2021-12-03 12:19,Нова пошта,61.6,прочие
2021-12-06 18:54,516874****8817,19.84,прочие
2021-12-06 21:51,516936****2444,4,прочие
2021-12-08 21:24,516933****0952,34,прочие
2021-12-09 09:24,536354****4950,22.2,прочие
2021-12-11 21:58,537541****5267,3.4,прочие
2021-12-23 20:43,Нова пошта,12.44,прочие
2022-10-07 11:26,Зняття готівки в банкоматі,22.5,прочие
2023-06-28 14:54,537541****7507,47.22,прочие
2023-08-25 08:43,537541****7507,319.71,прочие
2023-08-25 08:52,Зі своєї картки,60.42,прочие
2023-08-26 15:03,536354****7430,20,прочие
2023-08-28 13:44,Prom.ua,11.2,прочие
2023-08-29 10:28,ОВРУЧ АЛЬТЕР ЕНЕРГО,10.56,прочие
2023-08-29 13:01,Нова пошта,15.6,прочие
2023-09-01 09:40,537541****7507,140,прочие
2023-09-08 10:44,414949****9841,56,прочие
2023-09-09 13:55,536354****7430,20,прочие
2023-09-22 11:25,Зі своєї картки,40.28,прочие
2023-09-23 16:03,536354****7430,20,прочие
2023-09-24 16:36,Зняття готівки в банкоматі,200,прочие
2023-09-25 15:19,536354****1585,25.12,прочие
2023-10-01 09:51,537541****7507,152,прочие
2023-10-01 09:56,414949****9841,28,прочие
2023-10-02 14:52,511695****9464,24,прочие
2023-10-03 15:29,ОВРУЧ АЛЬТЕР ЕНЕРГО,12.64,прочие
2023-10-10 15:13,414939****2652,0.8,прочие
2023-10-11 08:25,537541****7507,24,прочие
2023-10-13 09:38,Монобанк,28,прочие
2023-10-16 16:22,537541****7507,16,прочие
2023-10-20 19:26,OLX,7.87,прочие
2023-10-25 12:09,536354****1585,27.2,прочие
2023-10-31 14:20,Нова пошта,33.12,прочие
2023-11-23 23:46,Зняття готівки в банкоматі,80,прочие
2023-11-23 23:49,Зняття готівки в банкоматі,160,прочие
2023-12-09 20:54,Регулярне списання за кредитом Розстрочка з виписки,78.89,Розстрочка
2024-01-01 09:44,537541****7507,120,прочие
2024-01-08 13:21,537541****7507,200,прочие
2024-01-08 13:23,511695****9464,44,прочие
2024-01-09 20:48,Регулярне списання за кредитом Розстрочка з виписки,78.89,Розстрочка
2024-01-16 18:07,537541****7507,36,прочие
2024-01-25 12:05,536354****1585,164.16,прочие
2024-02-03 20:56,511695****9464,44,прочие
2024-02-08 20:51,Регулярне списання за кредитом Розстрочка з виписки,70.4,Розстрочка
2024-02-09 20:50,Регулярне списання за кредитом Розстрочка з виписки,78.89,Розстрочка
2024-02-25 12:03,536354****1585,132.6,прочие
2024-03-08 20:50,Регулярне списання за кредитом Розстрочка з виписки,70.4,Розстрочка
2024-03-09 20:53,Регулярне списання за кредитом Розстрочка з виписки,78.89,Розстрочка
2024-04-08 20:49,Регулярне списання за кредитом Розстрочка з виписки,70.4,Розстрочка
2024-04-09 20:50,Регулярне списання за кредитом Розстрочка з виписки,78.89,Розстрочка
2024-05-08 20:45,Регулярне списання за кредитом Розстрочка з виписки,70.4,Розстрочка
2024-05-09 20:46,Регулярне списання за кредитом Розстрочка з виписки,78.89,Розстрочка
2024-06-08 20:52,Регулярне списання за кредитом Розстрочка з виписки,70.4,Розстрочка
2024-06-09 20:51,Регулярне списання за кредитом Розстрочка з виписки,78.89,Розстрочка
2024-07-08 20:52,Регулярне списання за кредитом Розстрочка з виписки,70.4,Розстрочка
2024-07-09 20:44,Регулярне списання за кредитом Розстрочка з виписки,78.89,Розстрочка
2024-08-08 20:53,Регулярне списання за кредитом Розстрочка з виписки,70.4,Розстрочка
2024-08-09 20:51,Регулярне списання за кредитом Розстрочка з виписки,78.89,Розстрочка
2024-09-08 20:14,Регулярне списання за кредитом Розстрочка з виписки,70.4,Розстрочка
2024-09-09 20:11,Регулярне списання за кредитом Розстрочка з виписки,78.89,Розстрочка
2024-10-08 20:07,Регулярне списання за кредитом Розстрочка з виписки,70.4,Розстрочка
2024-10-09 20:10,Регулярне списання за кредитом Розстрочка з виписки,78.89,Розстрочка
2024-11-08 20:07,Регулярне списання за кредитом Розстрочка з виписки,70.4,Розстрочка
2024-11-09 20:10,Регулярне списання за кредитом Розстрочка з виписки,78.89,Розстрочка
2024-12-08 20:05,Регулярне списання за кредитом Розстрочка з виписки,70.4,Розстрочка
2024-12-09 20:06,Регулярне списання за кредитом Розстрочка з виписки,78.89,Розстрочка
2025-01-08 20:04,Регулярне списання за кредитом Розстрочка з виписки,70.4,Розстрочка
2025-01-09 20:03,Регулярне списання за кредитом Розстрочка з виписки,78.89,Розстрочка
2025-02-08 20:02,Регулярне списання за кредитом Розстрочка з виписки,70.4,Розстрочка
2025-02-09 20:04,Регулярне списання за кредитом Розстрочка з виписки,78.89,Розстрочка
2025-03-08 20:05,Регулярне списання за кредитом Розстрочка з виписки,70.4,Розстрочка
2025-03-09 20:04,Регулярне списання за кредитом Розстрочка з виписки,78.89,Розстрочка
2025-04-08 20:03,Регулярне списання за кредитом Розстрочка з виписки,70.4,Розстрочка
2025-04-09 20:04,Регулярне списання за кредитом Розстрочка з виписки,78.89,Розстрочка
2025-05-08 20:01,Регулярне списання за кредитом Розстрочка з виписки,70.4,Розстрочка
2025-05-09 20:06,Регулярне списання за кредитом Розстрочка з виписки,78.89,Розстрочка
2025-06-08 20:08,Регулярне списання за кредитом Розстрочка з виписки,70.4,Розстрочка
2025-06-09 20:08,Регулярне списання за кредитом Розстрочка з виписки,78.89,Розстрочка
2025-07-08 20:07,Регулярне списання за кредитом Розстрочка з виписки,70.4,Розстрочка
2025-07-09 20:09,Регулярне списання за кредитом Розстрочка з виписки,78.89,Розстрочка
2025-08-08 20:08,Регулярне списання за кредитом Розстрочка з виписки,70.4,Розстрочка
2025-08-09 20:09,Регулярне списання за кредитом Розстрочка з виписки,78.89,Розстрочка
2025-09-08 20:06,Регулярне списання за кредитом Розстрочка з виписки,70.4,Розстрочка
2025-09-09 20:08,Регулярне списання за кредитом Розстрочка з виписки,78.89,Розстрочка
2025-10-08 20:08,Регулярне списання за кредитом Розстрочка з виписки,70.4,Розстрочка
2025-10-09 20:05,Регулярне списання за кредитом Розстрочка з виписки,78.89,Розстрочка
2025-11-08 20:06,Регулярне списання за кредитом Розстрочка з виписки,78.89,Розстрочка
2025-11-08 20:06,Регулярне списання за кредитом Розстрочка з виписки,211.18,Розстрочка
