дата_время,описание,сумма,комиссия,остаток,класс
2020-11-18 16:47,"FOP TRYBUC SA, m. Vinnytsia",-16386,0,-16427.12,траты_клиента
2020-11-24 20:41,"VINNYTSYACARTSERVISE, VINNYTSYA",-4,0,-16431.12,траты_клиента
2020-11-26 08:27,"VINNYTSYACARTSERVISE, VINNYTSYA",-4,0,-16435.12,траты_клиента
2020-11-26 19:24,"VINNYTSYACARTSERVISE, VINNYTSYA",-4,0,-16439.12,траты_клиента
2020-11-27 15:15,"VINNYTSYACARTSERVISE, VINNYTSYA",-4,0,-16443.12,траты_клиента
2020-11-27 19:37,"VINNYTSYACARTSERVISE, VINNYTSYA",-4,0,-16447.12,траты_клиента
2020-11-27 20:07,"VINNYTSYACARTSERVISE, VINNYTSYA",-4,0,-16451.12,траты_клиента
2020-12-01 09:29,47*6703,-13520,520,-29971.12,траты_клиента
2020-12-01 12:13,Abnk,16386,0,-13585.12,зачисление_Abnk (предп. рассрочка мгновенная)
2020-12-01 14:20,47*6703,-5200,200,-18785.12,траты_клиента
2020-12-01 21:51,"TTS EPITSENTR2VINNYTS, VINNYTSYA",-52.38,0,-18837.5,траты_клиента
2020-12-01 22:03,"TTS EPITSENTR2VINNYTS, VINNYTSYA",-425.16,0,-19262.66,траты_клиента
2020-12-01 23:06,"VINNYTSYACARTSERVISE, VINNYTSYA",-4,0,-19266.66,траты_клиента
2020-12-02 09:27,53*7143,-5200,200,-24466.66,траты_клиента
2020-12-03 09:25,"VINNYTSYACARTSERVISE, VINNYTSYA",-4,0,-24470.66,траты_клиента
2020-12-12 05:41,51*1486,-3640,140,-28110.66,траты_клиента
2020-12-17 15:53,VARUS,-324.71,0,-28435.37,траты_клиента
2020-12-18 14:07,51*7258,-367.12,14.12,-28802.49,траты_клиента
2020-12-18 20:09,"BILLA BESSARABSKA, KYIV",-50.57,0,-28853.06,траты_клиента
2020-12-18 20:15,"WakeUp, KIYEV",-19,0,-28872.06,траты_клиента
2020-12-19 09:42,"BiloruskaTSukernjaMINC, KIYEV",-74.5,0,-28946.56,траты_клиента
2020-12-23 10:16,"parkomat, GORA",-30,0,-28976.56,траты_клиента
2020-12-23 13:13,"BORSCH KAFE, BORYSPIL",-56,0,-29032.56,траты_клиента
2020-12-23 19:16,"3000738, KIEV",-47.87,0,-29080.43,траты_клиента
2020-12-24 12:45,"CHai69, KIYEV",-327.75,0,-29408.18,траты_клиента
2020-12-24 12:47,"CHai69, KIYEV",-84.93,0,-29493.11,траты_клиента
2020-12-24 13:08,Нова пошта,-76,0,-29569.11,траты_клиента
2020-12-24 21:16,Сільпо,-24.38,0,-29593.49,траты_клиента
2020-12-27 16:33,"KapheGreen13, KIEV",-65,0,-29658.49,траты_клиента
2020-12-28 02:21,Сільпо,-42.78,0,-29701.27,траты_клиента
2020-12-28 02:52,"MOYCAR, KIEV",-30,0,-29731.27,траты_клиента
2020-12-28 09:01,"Щомісячний платіж за кредитним договором ""Розстрочка миттєва"" №ABH0CU30122142560 від 2020-12-01",-3334.44,0,-33065.71,рассрочка_мгновенная_платёж
2020-12-28 13:39,Зарахування переказу на карту,2985,0,-30080.71,собственный_взнос_или_входящий_перевод
2020-12-28 18:44,Зарахування переказу на карту,60,0,-30020.71,собственный_взнос_или_входящий_перевод
2021-01-23 15:13,Зарахування переказу на карту,3412.85,0,-26607.86,собственный_взнос_или_входящий_перевод
2021-01-24 13:22,Зарахування переказу на карту,1200,0,-25407.86,собственный_взнос_или_входящий_перевод
2021-01-28 09:03,"Щомісячний платіж за кредитним договором ""Розстрочка миттєва"" №ABH0CU30122142560 від 2020-12-01",-3334.44,0,-28742.3,рассрочка_мгновенная_платёж
2021-02-01 00:03,Списання відсотків за використання кредитного ліміту,-1958.17,0,-30700.47,проценты_списание
2021-02-02 21:56,Зарахування переказу на карту,14000,0,-16700.47,собственный_взнос_или_входящий_перевод
2021-02-12 10:44,"lifecell, VINNITSA",-13000,0,-29700.47,траты_клиента
2021-02-12 10:47,53*8672,-312,12,-30012.47,траты_клиента
2021-02-28 10:38,"Щомісячний платіж за кредитним договором ""Розстрочка миттєва"" №ABH0CU30122142560 від 2020-12-01",-3334.44,0,-33346.91,рассрочка_мгновенная_платёж
2021-03-01 00:03,Списання відсотків за використання кредитного ліміту,-805,0,-34151.91,проценты_списание
2021-03-01 18:18,Поповнення карти у терміналі I-Box,4200,0,-29951.91,собственный_взнос_или_входящий_перевод
2021-03-28 09:21,"Щомісячний платіж за кредитним договором ""Розстрочка миттєва"" №ABH0CU30122142560 від 2020-12-01",-3334.44,0,-33286.35,рассрочка_мгновенная_платёж
2021-04-01 00:03,Списання відсотків за використання кредитного ліміту,-1055.15,0,-34341.5,проценты_списание
2021-04-27 12:05,Поповнення карти у терміналі I-Box,4999,0,-29342.5,собственный_взнос_или_входящий_перевод
2021-04-27 12:17,Поповнення карти у терміналі I-Box,4500,0,-24842.5,собственный_взнос_или_входящий_перевод
2021-04-27 12:22,Поповнення карти у терміналі I-Box,4500,0,-20342.5,собственный_взнос_или_входящий_перевод
2021-04-28 10:50,"Щомісячний платіж за кредитним договором ""Розстрочка миттєва"" №ABH0CU30122142560 від 2020-12-01",-3334.44,0,-23676.94,рассрочка_мгновенная_платёж
2021-05-01 00:03,Списання відсотків за використання кредитного ліміту,-1082.63,0,-24759.57,проценты_списание
2021-05-01 18:38,Поповнення карти у терміналі I-Box,3000,0,-21759.57,собственный_взнос_или_входящий_перевод
2021-05-31 16:05,"Щомісячний платіж за кредитним договором ""Розстрочка миттєва"" №ABH0CU30122142560 від 2020-12-01",-3334.44,0,-25094.01,рассрочка_мгновенная_платёж
2021-06-01 00:03,Списання відсотків за використання кредитного ліміту,-758.47,0,-25852.48,проценты_списание
2021-06-11 17:23,"SUNRISE*AUTOENTER_GP, KHARKIV",-1850.91,0,-27703.39,траты_клиента
2021-06-14 20:43,"UAPAY, KYIV",-702.44,0,-28405.83,траты_клиента
2021-06-24 21:13,Поповнення карти у терміналі I-Box,1500,0,-26905.83,собственный_взнос_или_входящий_перевод
2021-06-26 18:44,"SHOP ARMANI JEANS, KYIV",-1328,0,-28233.83,траты_клиента
2021-06-27 18:05,Сільпо,-99.7,0,-28333.53,траты_клиента
2021-06-28 07:30,АТБ,-51.1,0,-28384.63,траты_клиента
2021-07-01 00:03,Списання відсотків за використання кредитного ліміту,-897.91,0,-29282.54,проценты_списание
2021-07-01 18:44,Поповнення карти у терміналі I-Box,2000,0,-27282.54,собственный_взнос_или_входящий_перевод
2021-07-16 16:01,Uklon,-405,0,-27687.54,траты_клиента
2021-07-17 18:59,Фора,-35.99,0,-27723.53,траты_клиента
2021-07-18 09:44,Фора,-34.98,0,-27758.51,траты_клиента
2021-07-18 14:16,"Produkti, KIYEV",-46,0,-27804.51,траты_клиента
2021-07-18 21:21,"ParkPeremoga, KIEV",-63,0,-27867.51,траты_клиента
2021-07-19 17:57,Фора,-451.57,0,-28319.08,траты_клиента
2021-07-20 08:42,"WFP*YAKABOO.UA_, ZAPORIZHZHIA",-147,0,-28466.08,траты_клиента
2021-07-20 12:10,"COFFEELAT, KIEV",-47,0,-28513.08,траты_клиента
2021-07-20 12:36,"KPMiskijmagazin, KIEV",-39,0,-28552.08,траты_клиента
2021-07-20 12:42,"KPMiskijmagazin, KIEV",-20,0,-28572.08,траты_клиента
2021-07-20 13:00,Uber,-25,0,-28597.08,траты_клиента
2021-07-20 13:03,Uklon,-1,0,-28598.08,траты_клиента
2021-07-20 13:03,Скасування. Uklon,1,0,-28597.08,отмена_покупки
2021-07-20 13:03,Uklon,-86,0,-28683.08,траты_клиента
2021-07-20 16:02,"Idalnja, KIEV",-66,0,-28749.08,траты_клиента
2021-07-21 10:28,"WakeUp, KIYEV",-40,0,-28789.08,траты_клиента
2021-07-21 16:46,"WakeUp, KIYEV",-30,0,-28819.08,траты_клиента
2021-07-21 19:21,"TOV Osnova Info, KIYEV",-22,0,-28841.08,траты_клиента
2021-07-21 20:49,"BiloruskaTSukernjaMINC, KIYEV",-60,0,-28901.08,траты_клиента
2021-07-22 06:58,"WakeUp, KIYEV",-40,0,-28941.08,траты_клиента
2021-07-22 16:38,"VEGANUTI, KYYIV",-90,0,-29031.08,траты_клиента
2021-07-22 16:39,"WakeUp, KIYEV",-45,0,-29076.08,траты_клиента
2021-07-22 19:34,Trnzbusiness,-300,0,-29376.08,траты_клиента
2021-07-22 19:53,"PYTNA VODA, KYYIV",-24,0,-29400.08,траты_клиента
2021-07-23 07:19,"WakeUp, KIYEV",-40,0,-29440.08,траты_клиента
2021-07-23 18:30,"WakeUp, KIYEV",-45,0,-29485.08,траты_клиента
2021-07-23 19:30,"TOV YAROSLAVNA, KYYIV",-74,0,-29559.08,траты_клиента
2021-07-24 09:18,"WakeUp, KIYEV",-40,0,-29599.08,траты_клиента
2021-07-24 11:39,"TOV YAROSLAVNA, KYYIV",-48,0,-29647.08,траты_клиента
2021-07-24 23:04,"Lazzathalal, KIEV",-50,0,-29697.08,траты_клиента
2021-07-25 08:55,"WakeUp, KIYEV",-40,0,-29737.08,траты_клиента
2021-07-25 15:23,"WakeUp, KIYEV",-45,0,-29782.08,траты_клиента
2021-07-25 16:05,"SALATEJRA VASYLKIVSKA, KYIV",-167,0,-29949.08,траты_клиента
2021-08-01 00:03,Списання відсотків за використання кредитного ліміту,-979.88,0,-30928.96,проценты_списание
2021-08-26 13:10,Поповнення карти у терміналі I-Box,1600,0,-29328.96,собственный_взнос_или_входящий_перевод
2021-09-01 00:03,Списання відсотків за використання кредитного ліміту,-1032.92,0,-30361.88,проценты_списание
2021-09-01 18:47,Поповнення карти у терміналі I-Box,700,0,-29661.88,собственный_взнос_или_входящий_перевод
2021-09-27 14:16,Поповнення карти у терміналі I-Box,1000,0,-28661.88,собственный_взнос_или_входящий_перевод
2021-10-01 00:03,Списання відсотків за використання кредитного ліміту,-979.89,0,-29641.77,проценты_списание
2021-10-01 21:29,Поповнення карти у терміналі I-Box,1500,0,-28141.77,собственный_взнос_или_входящий_перевод
2021-10-02 07:11,Зарахування переказу на карту,731.36,0,-27410.41,собственный_взнос_или_входящий_перевод
2021-10-02 18:14,Поповнення карти у терміналі I-Box,4900,0,-22510.41,собственный_взнос_или_входящий_перевод
2021-10-02 18:17,Поповнення карти у терміналі I-Box,4800,0,-17710.41,собственный_взнос_или_входящий_перевод
2021-10-02 18:19,Поповнення карти у терміналі I-Box,4800,0,-12910.41,собственный_взнос_или_входящий_перевод
2021-10-02 18:22,Поповнення карти у терміналі I-Box,4800,0,-8110.41,собственный_взнос_или_входящий_перевод
2021-10-02 18:24,Поповнення карти у терміналі I-Box,4600,0,-3510.41,собственный_взнос_или_входящий_перевод
2021-10-02 18:26,Поповнення карти у терміналі I-Box,3400,0,-110.41,собственный_взнос_или_входящий_перевод
2021-10-02 18:28,Зарахування переказу на карту,100,0,-10.41,собственный_взнос_или_входящий_перевод
2021-10-02 18:46,Зарахування переказу на карту,100,0,89.59,собственный_взнос_или_входящий_перевод
2021-10-02 18:49,Зарахування переказу на карту,105,0,194.59,собственный_взнос_или_входящий_перевод
2021-10-02 21:11,Зі своєї картки,-30.3,0.3,164.29,траты_клиента
2021-10-02 22:23,Зі своєї картки,-60.6,0.6,103.69,траты_клиента
2021-11-01 00:03,Списання відсотків за використання кредитного ліміту,-32.01,0,71.68,проценты_списание
2021-12-01 16:25,"Freezor, VINNITSA",-550,0,-478.32,траты_клиента
2021-12-01 16:39,"SHtrudelToGo, VINNITSA",-33,0,-511.32,траты_клиента
2021-12-01 17:39,"LIQPAY*Filiya GIOC AT, DN-SK",-219.02,0,-730.34,траты_клиента
2021-12-02 09:35,"KAVA Z SOBOIu, VINNITSA",-42,0,-772.34,траты_клиента
2021-12-02 12:02,"043-30619, KYYIV",-25,0,-797.34,траты_клиента
2021-12-02 13:28,Uber,-139.73,0,-937.07,траты_клиента
2021-12-03 10:14,"SUNRISE*AUTOENTER_GP, KHARKIV",-1028.28,0,-1965.35,траты_клиента
2021-12-03 10:35,"KAFE, KIEV",-64,0,-2029.35,траты_клиента
2021-12-03 11:55,"PILKI, KYIV",-520,0,-2549.35,траты_клиента
2021-12-03 12:19,Нова пошта,-1601.6,61.6,-4150.95,траты_клиента
2021-12-03 12:20,Нова пошта,-62,0,-4212.95,траты_клиента
2021-12-03 15:56,"PARADISE, KYIV",-50,0,-4262.95,траты_клиента
2021-12-04 01:32,"FINEX TRZ_UTILITIES, KYIV",-200,0,-4462.95,траты_клиента
2021-12-04 01:51,"RESTORAN Boho, KYIV",-605,0,-5067.95,траты_клиента
2021-12-04 19:03,"MIKSMART, KIEV",-65,0,-5132.95,траты_клиента
2021-12-04 19:27,"Kavaman, KIEV",-27,0,-5159.95,траты_клиента
2021-12-04 19:33,"PecherskMal, KIEV",-50,0,-5209.95,траты_клиента
2021-12-05 10:45,"KitKad, KIYEV",-40,0,-5249.95,траты_клиента
2021-12-05 12:45,Сільпо,-33.98,0,-5283.93,траты_клиента
2021-12-05 17:46,"LIQPAY*Artdetejling Yu, DN-SK",-630,0,-5913.93,траты_клиента
2021-12-05 19:13,"SHaurma, KIYEV",-55,0,-5968.93,траты_клиента
2021-12-06 12:11,"Monserrat, KIYEV",-60,0,-6028.93,траты_клиента
2021-12-06 12:46,Пузата хата,-150,0,-6178.93,траты_клиента
2021-12-06 13:23,"SUNRISE*AUTOENTER_GP, KHARKIV",-1028.28,0,-7207.21,траты_клиента
2021-12-06 14:51,Нова пошта,-273,0,-7480.21,траты_клиента
2021-12-06 17:10,"KYIVSKYI METROPOLITEN, KYIV",-8,0,-7488.21,траты_клиента
2021-12-06 18:54,516874****8817,-515.84,19.84,-8004.05,траты_клиента
2021-12-06 20:14,"BarZmist, KIYEV",-450,0,-8454.05,траты_клиента
2021-12-06 20:27,"KYIVSKYI METROPOLITEN, KYIV",-8,0,-8462.05,траты_клиента
2021-12-06 21:51,516936****2444,-104,4,-8566.05,траты_клиента
2021-12-07 08:40,McDonald’s,-36,0,-8602.05,траты_клиента
2021-12-07 12:42,"LIQPAY*Internet-magazi, DN-SK",-439,0,-9041.05,траты_клиента
2021-12-07 13:57,McDonald’s,-36,0,-9077.05,траты_клиента
2021-12-07 16:01,"SALATEJRA VASYLKIVSKA, KYIV",-177,0,-9254.05,траты_клиента
2021-12-07 21:12,"Produkti, KIYEV",-36.13,0,-9290.18,траты_клиента
2021-12-08 11:38,"KAFE, KYIV",-55,0,-9345.18,траты_клиента
2021-12-08 12:14,"KAFE, KYIV",-185,0,-9530.18,траты_клиента
2021-12-08 16:15,"KHLIBNA KAVAKOLODIAC, KYIV",-45,0,-9575.18,траты_клиента
2021-12-08 19:27,Сільпо,-45.81,0,-9620.99,траты_клиента
2021-12-08 21:08,"3000850, KIEV",-14.99,0,-9635.98,траты_клиента
2021-12-08 21:24,516933****0952,-884,34,-10519.98,траты_клиента
2021-12-08 22:13,"FINEX TRZ_UTILITIES, KYIV",-200,0,-10719.98,траты_клиента
2021-12-09 08:40,"Besarabika, KIEV",-35,0,-10754.98,траты_клиента
2021-12-09 09:24,536354****4950,-577.2,22.2,-11332.18,траты_клиента
2021-12-09 10:28,"BiloruskaTSukernjaMINC, KIYEV",-30,0,-11362.18,траты_клиента
2021-12-09 10:31,"BiloruskaTSukernjaMINC, KIYEV",-24,0,-11386.18,траты_клиента
2021-12-09 14:41,"AJLAVBAR, KIEV",-40,0,-11426.18,траты_клиента
2021-12-09 15:46,"MagazinProdukti, KIEV",-56,0,-11482.18,траты_клиента
2021-12-09 18:25,Сільпо,-76.78,0,-11558.96,траты_клиента
2021-12-09 22:39,"LIQPAY*Vegetus, DN-SK",-284.9,0,-11843.86,траты_клиента
2021-12-10 07:52,"SUNRISE*AutoEnterprise, KHARKIV",-1028.28,0,-12872.14,траты_клиента
2021-12-10 13:27,McDonald’s,-36,0,-12908.14,траты_клиента
2021-12-10 15:05,"SALATEJRA VASYLKIVSKA, KYIV",-156,0,-13064.14,траты_клиента
2021-12-10 16:42,"GORKii ESPRESSO BAR, KIEV",-45,0,-13109.14,траты_клиента
2021-12-10 20:49,"PPSAFLORA, KIYEV",-112,0,-13221.14,траты_клиента
2021-12-10 20:57,"PPSAFLORA, KIYEV",-106,0,-13327.14,траты_клиента
2021-12-11 11:03,Сільпо,-33.98,0,-13361.12,траты_клиента
2021-12-11 11:53,Нова пошта,-242,0,-13603.12,траты_клиента
2021-12-11 14:25,"Produkti 2, KIYEV",-57,0,-13660.12,траты_клиента
2021-12-11 14:36,Aroma Kava,-31,0,-13691.12,траты_клиента
2021-12-11 15:24,"BiloruskaTSukernjaMINC, KIYEV",-110,0,-13801.12,траты_клиента
2021-12-11 17:09,"SPLATA, KYIV",-300,0,-14101.12,траты_клиента
2021-12-11 17:44,"SALATEJRA VASYLKIVSKA, KYIV",-142,0,-14243.12,траты_клиента
2021-12-11 20:40,"Restoran, KIEV",-59,0,-14302.12,траты_клиента
2021-12-11 21:58,537541****5267,-88.4,3.4,-14390.52,траты_клиента
2021-12-11 22:48,"LIQPAY*Filiya GIOC AT, DN-SK",-416.61,0,-14807.13,траты_клиента
2021-12-12 09:49,"Hlibniy HL5, KIYEV",-65,0,-14872.13,траты_клиента
2021-12-12 10:54,NovaPay,-51,0,-14923.13,траты_клиента
2021-12-12 13:55,Пузата хата,-164,0,-15087.13,траты_клиента
2021-12-12 14:03,"LIQPAY*Filiya GIOC AT, DN-SK",-264.28,0,-15351.41,траты_клиента
2021-12-13 14:03,"Turman, VINNITSA",-40,0,-15391.41,траты_клиента
2021-12-13 15:06,"Budmo, VINNITSA",-310,0,-15701.41,траты_клиента
2021-12-13 16:02,"VINNYTSYACARTSERVISE, VINNYTSYA",-8,0,-15709.41,траты_клиента
2021-12-14 02:51,"PARKING, KYYIV",-300,0,-16009.41,траты_клиента
2021-12-14 10:56,"SALATEJRA VASYLKIVSKA, KYIV",-177,0,-16186.41,траты_клиента
2021-12-14 11:09,"SUNRISE*AUTOENTER_GP, KHARKIV",-1028.28,0,-17214.69,траты_клиента
2021-12-14 11:18,"Takeit, KIYEV",-51,0,-17265.69,траты_клиента
2021-12-14 14:10,Зарахування переказу на карту,413.7,0,-16851.99,собственный_взнос_или_входящий_перевод
2021-12-14 15:34,"FINEX TRZ_UTILITIES, KYIV",-200,0,-17051.99,траты_клиента
2021-12-14 20:22,"restoran, KIEV",-283,0,-17334.99,траты_клиента
2021-12-14 22:24,"MOYCAR, KIEV",-50,0,-17384.99,траты_клиента
2021-12-15 11:38,"PRODUKTOVYI MAG, KYIV",-55,0,-17439.99,траты_клиента
2021-12-16 18:05,"Lazzat, KIEV",-50,0,-17489.99,траты_клиента
2021-12-16 21:19,"PPSAFLORA, KIYEV",-141.5,0,-17631.49,траты_клиента
2021-12-17 09:05,"DelviMag42, KIEV",-28.5,0,-17659.99,траты_клиента
2021-12-17 10:46,"TOV YAROSLAVNA, KYYIV",-81,0,-17740.99,траты_клиента
2021-12-17 15:10,"SUNRISE*AUTOENTER_GP, KHARKIV",-1028.28,0,-18769.27,траты_клиента
2021-12-17 16:49,"SALATEJRA VASYLKIVSKA, KYIV",-141,0,-18910.27,траты_клиента
2021-12-18 13:36,Сільпо,-140.51,0,-19050.78,траты_клиента
2021-12-18 14:16,"Hlibniy HL5, KIYEV",-65,0,-19115.78,траты_клиента
2021-12-18 18:49,"NL6 BORISPIL GORBATYUK, BORISPIL",-77.78,0,-19193.56,траты_клиента
2021-12-18 18:52,Нова Лінія,-27,0,-19220.56,траты_клиента
2021-12-18 22:12,"PPSAFLORA, KIYEV",-203.5,0,-19424.06,траты_клиента
2021-12-18 23:29,Aroma Kava,-41,0,-19465.06,траты_клиента
2021-12-19 02:00,"LIQPAY*Filiya GIOC AT, DN-SK",-247.52,0,-19712.58,траты_клиента
2021-12-19 19:01,Сільпо,-26.38,0,-19738.96,траты_клиента
2021-12-19 20:27,"LIQPAY*Filiya GIOC AT, DN-SK",-275.81,0,-20014.77,траты_клиента
2021-12-20 09:54,"KAVA Z SOBOIu, VINNITSA",-35,0,-20049.77,траты_клиента
2021-12-20 14:49,"SUNRISE*AUTOENTER_GP, KHARKIV",-1028.28,0,-21078.05,траты_клиента
2021-12-20 14:50,"SALATEJRA VASYLKIVSKA, KYIV",-156,0,-21234.05,траты_клиента
2021-12-20 14:55,PayPal,-27.47,0,-21261.52,траты_клиента
2021-12-20 14:55,Скасування. PayPal,27.47,0,-21234.05,отмена_покупки
2021-12-20 14:55,PayPal,-1,0,-21235.05,траты_клиента
2021-12-20 14:55,Скасування. PayPal,1,0,-21234.05,отмена_покупки
2021-12-20 14:56,"eBay O*16-08032-81432, San Jose",-2627.25,0,-23861.3,траты_клиента
2021-12-20 20:47,Aroma Kava,-45,0,-23906.3,траты_клиента
2021-12-21 14:42,"SALATEJRA VASYLKIVSKA, KYIV",-119,0,-24025.3,траты_клиента
2021-12-21 15:06,"Takeit, KIYEV",-51,0,-24076.3,траты_клиента
2021-12-21 15:35,"LIQPAY*TOV MONOLYT 17, DNIPRO",-100,0,-24176.3,траты_клиента
2021-12-21 17:59,Glusco,-86.5,0,-24262.8,траты_клиента
2021-12-21 20:08,"PHORA, GORA",-19.69,0,-24282.49,траты_клиента
2021-12-21 20:56,McDonald’s,-47,0,-24329.49,траты_клиента
2021-12-21 23:16,"MOYCAR, KIEV",-90,0,-24419.49,траты_клиента
2021-12-21 23:28,"MOYCAR, KIEV",-60,0,-24479.49,траты_клиента
2021-12-22 11:29,"Besarabika, KIEV",-35,0,-24514.49,траты_клиента
2021-12-22 11:36,"BIG MAMA, KYYIV",-80,0,-24594.49,траты_клиента
2021-12-22 13:07,"SUNRISE*AUTOENTER_GP, KHARKIV",-1028.28,0,-25622.77,траты_клиента
2021-12-22 13:28,"KavjarnjaTwinsCoffeeRo, KIEV",-20,0,-25642.77,траты_клиента
2021-12-22 16:05,"Restoran, KIEV",-108,0,-25750.77,траты_клиента
2021-12-22 17:30,Portmone,-806,0,-26556.77,траты_клиента
2021-12-22 19:29,Glusco,-63.5,0,-26620.27,траты_клиента
2021-12-23 12:39,McDonald’s,-44,0,-26664.27,траты_клиента
2021-12-23 20:33,"VARENiChNAIa KATIuShA, KIEV",-70,0,-26734.27,траты_клиента
2021-12-23 20:43,Нова пошта,-323.44,12.44,-27057.71,траты_клиента
2021-12-23 20:43,Нова пошта,-46,0,-27103.71,траты_клиента
2021-12-23 20:55,"3000850, KIEV",-43.29,0,-27147,траты_клиента
2021-12-23 21:04,"FOP AVDIEIEVA VALERIIA, KIYV",-30,0,-27177,траты_клиента
2021-12-24 06:47,"FINEX TRZ_UTILITIES, KYIV",-300,0,-27477,траты_клиента
2021-12-24 08:32,"SUNRISE*AUTOENTER_GP, KHARKIV",-1028.28,0,-28505.28,траты_клиента
2021-12-24 17:27,Сільпо,-72.53,0,-28577.81,траты_клиента
2021-12-24 17:29,"LIQPAY*TOV MONOLYT 17, DNIPRO",-100,0,-28677.81,траты_клиента
2021-12-24 19:51,"Hlibniy HL5, KIYEV",-85,0,-28762.81,траты_клиента
2021-12-24 20:00,"LIQPAY*Filiya GIOC AT, DN-SK",-297.97,0,-29060.78,траты_клиента
2021-12-25 14:34,"PARADISE, KYIV",-80,0,-29140.78,траты_клиента
2021-12-25 15:13,"SUNRISE*AUTOENTER_GP, KHARKIV",-822.63,0,-29963.41,траты_клиента
2022-01-31 12:05,Sportbank,1500,0,-28463.41,собственный_взнос_или_входящий_перевод
2022-02-01 00:03,Списання відсотків за використання кредитного ліміту,-1671.58,0,-30134.99,проценты_списание
2022-02-01 18:52,Sportbank,100,0,-30034.99,собственный_взнос_или_входящий_перевод
2022-03-01 00:03,Списання відсотків за використання кредитного ліміту,-889.58,0,-30924.57,проценты_списание
2022-04-01 00:03,Списання відсотків за використання кредитного ліміту,-984.88,0,-31909.45,проценты_списание
2022-05-01 00:03,Списання відсотків за використання кредитного ліміту,-953.11,0,-32862.56,проценты_списание
2022-06-01 00:03,Списання відсотків за використання кредитного ліміту,-984.92,0,-33847.48,проценты_списание
2022-07-01 00:03,Списання відсотків за використання кредитного ліміту,-953.12,0,-34800.6,проценты_списание
2022-08-01 00:03,Списання відсотків за використання кредитного ліміту,-984.89,0,-35785.49,проценты_списание
2022-08-22 13:21,Поповнення карти у терміналі I-Box,200,0,-35585.49,собственный_взнос_или_входящий_перевод
2022-09-01 00:03,Списання відсотків за використання кредитного ліміту,-984.87,0,-36570.36,проценты_списание
2022-09-13 12:25,Поповнення карти у терміналі I-Box,5000,0,-31570.36,собственный_взнос_или_входящий_перевод
2022-09-13 12:26,Поповнення карти у терміналі I-Box,5000,0,-26570.36,собственный_взнос_или_входящий_перевод
2022-09-13 12:28,Поповнення карти у терміналі I-Box,5000,0,-21570.36,собственный_взнос_или_входящий_перевод
2022-09-13 12:29,Поповнення карти у терміналі I-Box,5000,0,-16570.36,собственный_взнос_или_входящий_перевод
2022-09-13 12:45,Поповнення карти у терміналі I-Box,5000,0,-11570.36,собственный_взнос_или_входящий_перевод
2022-09-13 12:46,Поповнення карти у терміналі I-Box,5000,0,-6570.36,собственный_взнос_или_входящий_перевод
2022-09-13 12:47,Поповнення карти у терміналі I-Box,5000,0,-1570.36,собственный_взнос_или_входящий_перевод
2022-09-13 12:48,Поповнення карти у терміналі I-Box,5000,0,3429.64,собственный_взнос_или_входящий_перевод
2022-10-01 00:03,Списання відсотків за використання кредитного ліміту,-381.25,0,3048.39,проценты_списание
2022-10-07 11:26,Зняття готівки в банкоматі,-2522.5,22.5,525.89,траты_клиента
2022-10-14 08:07,"Kaviarnia VJ KAVA, KIEV",-45,0,480.89,траты_клиента
2022-10-14 15:02,"KAVAVERIIA, m. Kyiv",-37,0,443.89,траты_клиента
2022-10-15 17:43,"AZS 09-3, GLYB-KA S-R",-17.5,0,426.39,траты_клиента
2022-10-15 20:09,"GROSH EXPRESS 16, VINNYTSYA",-57.8,0,368.59,траты_клиента
2022-10-16 20:20,АТБ,-25.3,0,343.29,траты_клиента
2022-10-17 11:16,"AZS 09-1, GLYB-KA S-R",-65,0,278.29,траты_клиента
2023-06-28 14:54,537541****7507,-1547.22,47.22,-1268.93,траты_клиента
2023-07-10 11:46,ПриватБанк,1300,0,31.07,собственный_взнос_или_входящий_перевод
2023-08-10 12:35,"Suhofrukti, KIEV",-38,0,-6.93,траты_клиента
2023-08-10 15:07,"Coffeeforrest, KIEV",-23,0,-29.93,траты_клиента
2023-08-18 11:05,City24,100,0,70.07,собственный_взнос_или_входящий_перевод
2023-08-18 14:24,"KAVIARNIA, KYIV",-28,0,42.07,траты_клиента
2023-08-19 12:46,Київ Цифровий,-8,0,34.07,траты_клиента
2023-08-19 19:14,Київ Цифровий,-8,0,26.07,траты_клиента
2023-08-20 18:25,Київ Цифровий,-8,0,18.07,траты_клиента
2023-08-21 08:19,"Kaviarnia VJ KAVA, KIEV",-24,0,-5.93,траты_клиента
2023-08-21 15:02,"KAVIARNIA, KYIV",-28,0,-33.93,траты_клиента
2023-08-25 08:43,537541****7507,-8319.71,319.71,-8353.64,траты_клиента
2023-08-25 08:52,Зі своєї картки,-1570.92,60.42,-9924.56,траты_клиента
2023-08-25 08:54,"Kaviarnia VJ KAVA, KIEV",-24,0,-9948.56,траты_клиента
2023-08-25 14:01,"KAVIARNIA, KYIV",-38,0,-9986.56,траты_клиента
2023-08-26 12:34,"Pitnavoda, KIEV",-32.3,0,-10018.86,траты_клиента
2023-08-26 12:34,"Скасування. Pitnavoda, KIEV",32.3,0,-9986.56,отмена_покупки
2023-08-26 12:34,"Pitnavoda, KIEV",-32.3,0,-10018.86,траты_клиента
2023-08-26 12:34,"Скасування. Pitnavoda, KIEV",32.3,0,-9986.56,отмена_покупки
2023-08-26 12:35,"Pitnavoda, KIEV",-32.3,0,-10018.86,траты_клиента
2023-08-26 13:03,"KAVIARNIA, KYIV",-55,0,-10073.86,траты_клиента
2023-08-26 15:03,536354****7430,-520,20,-10593.86,траты_клиента
2023-08-26 16:12,"BIG MAMA, KYIV",-70,0,-10663.86,траты_клиента
2023-08-26 16:39,Київ Цифровий,-8,0,-10671.86,траты_клиента
2023-08-26 20:47,"Suhofrukti, KIEV",-190,0,-10861.86,траты_клиента
2023-08-27 10:00,Укрзалізниця,-276.9,0,-11138.76,траты_клиента
2023-08-27 10:14,Укрзалізниця,-317.42,0,-11456.18,траты_клиента
2023-08-27 10:54,"KAVIARNIA, KYIV",-55,0,-11511.18,траты_клиента
2023-08-27 11:34,"Kipish, KIEV",-110,0,-11621.18,траты_клиента
2023-08-27 12:20,"CENTRAL SHOP, KYIV",-20,0,-11641.18,траты_клиента
2023-08-27 12:22,Київ Цифровий,-8,0,-11649.18,траты_клиента
2023-08-27 15:35,McDonald’s,-38,0,-11687.18,траты_клиента
2023-08-27 15:55,Київ Цифровий,-8,0,-11695.18,траты_клиента
2023-08-28 08:43,"Kaviarnia VJ KAVA, KIEV",-24,0,-11719.18,траты_клиента
2023-08-28 13:04,"KAVIARNIA, KYIV",-38,0,-11757.18,траты_клиента
2023-08-28 13:44,Prom.ua,-291.2,11.2,-12048.38,траты_клиента
2023-08-28 15:24,516933****9500,-528,0,-12576.38,траты_клиента
2023-08-28 15:24,Повернення неуспішного переказу на картку іншого банку 51*9500,528,0,-12048.38,возврат_неуспешного_перевода
2023-08-28 15:24,Повернення комісії за неуспішний переказ на картку 51*9500,21.12,0,-12027.26,возврат_неуспешного_перевода
2023-08-28 19:28,"Suhofrukti, KIEV",-190.48,0,-12217.74,траты_клиента
2023-08-29 09:34,"Kaviarnia VJ KAVA, KIEV",-24,0,-12241.74,траты_клиента
2023-08-29 10:28,ОВРУЧ АЛЬТЕР ЕНЕРГО,-538.56,10.56,-12780.3,траты_клиента
2023-08-29 12:18,"KAVIARNIA, KYIV",-55,0,-12835.3,траты_клиента
2023-08-29 13:01,Нова пошта,-405.6,15.6,-13240.9,траты_клиента
2023-08-29 13:02,Нова пошта,-193,0,-13433.9,траты_клиента
2023-08-29 18:50,"OTSMarket, KIEV",-40.5,0,-13474.4,траты_клиента
2023-09-01 09:40,537541****7507,-3640,140,-17114.4,траты_клиента
2023-09-01 19:29,"OTSMarket, KIEV",-40.5,0,-17154.9,траты_клиента
2023-09-02 12:11,"KAVIARNIA, KYIV",-55,0,-17209.9,траты_клиента
2023-09-02 12:25,"Miasnii magazin Miasni, KIEV",-53.94,0,-17263.84,траты_клиента
2023-09-02 12:27,"Suhofrukti, KIEV",-215,0,-17478.84,траты_клиента
2023-09-02 13:10,"BONUS B-44, KYIV",-38.1,0,-17516.94,траты_клиента
2023-09-02 15:46,"Kaviarnia VJ KAVA, KIEV",-50,0,-17566.94,траты_клиента
2023-09-02 18:16,"BIG MAMA, KYIV",-105,0,-17671.94,траты_клиента
2023-09-02 19:53,Фора,-22.9,0,-17694.84,траты_клиента
2023-09-03 15:43,"Kaviarnia VJ KAVA, KIEV",-50,0,-17744.84,траты_клиента
2023-09-03 17:34,"Kipish, KIEV",-110,0,-17854.84,траты_клиента
2023-09-03 23:59,"Скасування. uz gov ua mobile payme,03150, m. Kyiv, v",81.92,0,-17772.92,отмена_покупки
2023-09-03 23:59,"Скасування. uz gov ua mobile payme,03150, m. Kyiv, v",204.78,0,-17568.14,отмена_покупки
2023-09-04 12:27,"KAVIARNIA, KYIV",-38,0,-17606.14,траты_клиента
2023-09-04 13:08,"Pitnavoda, KIEV",-32.3,0,-17638.44,траты_клиента
2023-09-04 15:17,"Suhofrukti, KIEV",-270,0,-17908.44,траты_клиента
2023-09-06 18:38,"Miasnii magazin Miasni, KIEV",-143.68,0,-18052.12,траты_клиента
2023-09-07 13:48,"DonerKebab, KIEV",-80,0,-18132.12,траты_клиента
2023-09-08 10:44,414949****9841,-1456,56,-19588.12,траты_клиента
2023-09-08 10:53,"Kaviarnia VJ KAVA, KIEV",-50,0,-19638.12,траты_клиента
2023-09-08 12:04,"TOV MKHP-RITEIL, M.KYIV",-90,0,-19728.12,траты_клиента
2023-09-08 12:39,Львівські круасани,-37,0,-19765.12,траты_клиента
2023-09-09 12:06,"KAVIARNIA, KYIV",-55,0,-19820.12,траты_клиента
2023-09-09 12:45,Київ Цифровий,-8,0,-19828.12,траты_клиента
2023-09-09 13:11,"SLPO, KIYEV",-72.99,0,-19901.11,траты_клиента
2023-09-09 13:53,516933****9500,-500,0,-20401.11,траты_клиента
2023-09-09 13:53,Повернення неуспішного переказу на картку іншого банку 51*9500,500,0,-19901.11,возврат_неуспешного_перевода
2023-09-09 13:54,Повернення комісії за неуспішний переказ на картку 51*9500,20,0,-19881.11,возврат_неуспешного_перевода
2023-09-09 13:55,536354****7430,-520,20,-20401.11,траты_клиента
2023-09-09 15:27,Київ Цифровий,-8,0,-20409.11,траты_клиента
2023-09-09 16:27,"lazzat, KIEV",-100,0,-20509.11,траты_клиента
2023-09-09 16:33,"lazzat, KIEV",-100,0,-20609.11,траты_клиента
2023-09-09 17:10,Київ Цифровий,-8,0,-20617.11,траты_клиента
2023-09-09 17:18,EVA,-132.99,0,-20750.1,траты_клиента
2023-09-10 11:05,"KAVIARNIA, KYIV",-55,0,-20805.1,траты_клиента
2023-09-10 11:51,Київ Цифровий,-8,0,-20813.1,траты_клиента
2023-09-10 12:15,"Parovamashina, KIEV",-40,0,-20853.1,траты_клиента
2023-09-10 12:46,"CENTRAL SHOP, KYIV",-84,0,-20937.1,траты_клиента
2023-09-10 17:31,Київ Цифровий,-8,0,-20945.1,траты_клиента
2023-09-10 17:42,"FruktitaOvochi, KIEV",-155,0,-21100.1,траты_клиента
2023-09-11 14:00,"KAVIARNIA, KYIV",-38,0,-21138.1,траты_клиента
2023-09-11 19:06,"FruktitaOvochi, KIEV",-80,0,-21218.1,траты_клиента
2023-09-12 16:02,"Kaviarnia VJ KAVA, KIEV",-24,0,-21242.1,траты_клиента
2023-09-12 16:05,"FruktitaOvochi, KIEV",-163,0,-21405.1,траты_клиента
2023-09-12 19:05,"Suhofrukti, KIEV",-69,0,-21474.1,траты_клиента
2023-09-13 13:01,"KAVIARNIA, KYIV",-66,0,-21540.1,траты_клиента
2023-09-14 11:39,"Kaviarnia VJ KAVA, KIEV",-50,0,-21590.1,траты_клиента
2023-09-14 11:46,"FDY*information, KYIV",-1,0,-21591.1,траты_клиента
2023-09-14 11:47,Uklon,-116,0,-21707.1,траты_клиента
2023-09-14 12:08,Uklon,-23,0,-21730.1,траты_клиента
2023-09-14 13:47,УкрСиббанк,400,0,-21330.1,собственный_взнос_или_входящий_перевод
2023-09-14 15:46,"Vetgeneration1, KIEV",-6000,0,-27330.1,траты_клиента
2023-09-15 11:26,"Zoomagazin, KIEV",-515,0,-27845.1,траты_клиента
2023-09-15 14:43,"KAVIARNIA, KYIV",-38,0,-27883.1,траты_клиента
2023-09-15 15:35,Монобанк,5000,0,-22883.1,собственный_взнос_или_входящий_перевод
2023-09-16 11:45,"KAVIARNIA, KYIV",-55,0,-22938.1,траты_клиента
2023-09-16 11:50,"Suhofrukti, KIEV",-110,0,-23048.1,траты_клиента
2023-09-16 14:41,"Kafe Iaroslava, vul.Iaroslaviv Val, b.13",-54,0,-23102.1,траты_клиента
2023-09-16 15:05,"Parovamashina, KIEV",-30,0,-23132.1,траты_клиента
2023-09-16 16:39,"Pitnavoda, KIEV",-32.3,0,-23164.4,траты_клиента
2023-09-16 16:42,"BONUS B-44, KYIV",-171.2,0,-23335.6,траты_клиента
2023-09-16 16:46,"Miasnii magazin Miasni, KIEV",-157.3,0,-23492.9,траты_клиента
2023-09-17 11:08,"KAVIARNIA, KYIV",-55,0,-23547.9,траты_клиента
2023-09-17 11:51,Київ Цифровий,-8,0,-23555.9,траты_клиента
2023-09-17 12:49,"CENTRAL SHOP, KYIV",-56,0,-23611.9,траты_клиента
2023-09-17 12:56,"Скасування. CENTRAL SHOP, KYIV",56,0,-23555.9,отмена_покупки
2023-09-17 16:10,"Parovamashina, KIEV",-30,0,-23585.9,траты_клиента
2023-09-17 16:53,Київ Цифровий,-8,0,-23593.9,траты_клиента
2023-09-17 23:59,"Скасування. FDY*INFORMATION,14.14.KRUGLOUNIVERSYTE A",1,0,-23592.9,отмена_покупки
2023-09-18 13:32,"Kaviarnia VJ KAVA, KIEV",-44,0,-23636.9,траты_клиента
2023-09-18 18:30,АТБ,-52.9,0,-23689.8,траты_клиента
2023-09-19 18:41,"FruktitaOvochi, KIEV",-65,0,-23754.8,траты_клиента
2023-09-20 12:43,"KAVIARNIA, KYIV",-55,0,-23809.8,траты_клиента
2023-09-20 17:00,"Kaviarnia VJ KAVA, KIEV",-50,0,-23859.8,траты_клиента
2023-09-20 17:06,Uklon,-150,0,-24009.8,траты_клиента
2023-09-20 17:08,Скасування. Uklon,150,0,-23859.8,отмена_покупки
2023-09-20 17:09,Uklon,-170,0,-24029.8,траты_клиента
2023-09-21 08:44,"Kaviarnia VJ KAVA, KIEV",-24,0,-24053.8,траты_клиента
2023-09-21 14:30,"Kaviarnia VJ KAVA, KIEV",-24,0,-24077.8,траты_клиента
2023-09-21 14:33,"PHastPHud, KIEV",-80,0,-24157.8,траты_клиента
2023-09-21 14:42,"Suhofrukti, KIEV",-108,0,-24265.8,траты_клиента
2023-09-21 19:18,"Dia, KIEV",-50,0,-24315.8,траты_клиента
2023-09-21 20:21,"Vetgeneration1, KIEV",-8850,0,-33165.8,траты_клиента
2023-09-21 20:23,Uklon,-124,0,-33289.8,траты_клиента
2023-09-21 20:26,Скасування. Uklon,124,0,-33165.8,отмена_покупки
2023-09-21 21:27,Uklon,-134,0,-33299.8,траты_клиента
2023-09-21 21:48,Uklon,-26,0,-33325.8,траты_клиента
2023-09-22 11:25,Зі своєї картки,-1047.28,40.28,-34373.08,траты_клиента
2023-09-22 12:59,"APTEKA 10, KYYIV",-367.4,0,-34740.48,траты_клиента
2023-09-22 13:12,"KAVIARNIA, KYIV",-28,0,-34768.48,траты_клиента
2023-09-23 14:22,"KAVIARNIA, KYIV",-55,0,-34823.48,траты_клиента
2023-09-23 14:23,Uklon,-120,0,-34943.48,траты_клиента
2023-09-23 16:03,536354****7430,-520,20,-35463.48,траты_клиента
2023-09-23 17:15,Київ Цифровий,-8,0,-35471.48,траты_клиента
2023-09-23 17:50,"Pitnavoda, KIEV",-32.3,0,-35503.78,траты_клиента
2023-09-24 12:07,"KAVIARNIA, KYIV",-55,0,-35558.78,траты_клиента
2023-09-24 12:28,Київ Цифровий,-8,0,-35566.78,траты_клиента
2023-09-24 15:54,"Parovamashina, KIEV",-20,0,-35586.78,траты_клиента
2023-09-24 16:22,Київ Цифровий,-8,0,-35594.78,траты_клиента
2023-09-24 16:36,Зняття готівки в банкоматі,-5200,200,-40794.78,траты_клиента
2023-09-25 12:12,"KAVIARNIA, KYIV",-55,0,-40849.78,траты_клиента
2023-09-25 15:19,536354****1585,-653.12,25.12,-41502.9,траты_клиента
2023-09-25 19:33,Укрзалізниця,-206.69,0,-41709.59,траты_клиента
2023-09-26 13:20,"KAVIARNIA, KYIV",-38,0,-41747.59,траты_клиента
2023-09-26 14:13,"FruktitaOvochi, KIEV",-190,0,-41937.59,траты_клиента
2023-09-26 18:45,"OLIVKA, KYIV",-65,0,-42002.59,траты_клиента
2023-09-27 08:41,"Kaviarnia VJ KAVA, KIEV",-24,0,-42026.59,траты_клиента
2023-09-27 13:35,"Kaviarnia VJ KAVA, KIEV",-50,0,-42076.59,траты_клиента
2023-09-27 19:13,"Suhofrukti, KIEV",-61.8,0,-42138.39,траты_клиента
2023-09-28 08:45,"Kaviarnia VJ KAVA, KIEV",-24,0,-42162.39,траты_клиента
2023-09-28 14:27,"KAVIARNIA, KYIV",-38,0,-42200.39,траты_клиента
2023-09-28 18:44,"Suhofrukti, KIEV",-100,0,-42300.39,траты_клиента
2023-09-29 09:31,"Kaviarnia VJ KAVA, KIEV",-24,0,-42324.39,траты_клиента
2023-09-29 14:04,"KAVIARNIA, KYIV",-55,0,-42379.39,траты_клиента
2023-09-29 19:21,"DonerKebab, KIEV",-80,0,-42459.39,траты_клиента
2023-09-30 10:35,"KAVIARNIA, KYIV",-55,0,-42514.39,траты_клиента
2023-09-30 12:06,"CENTRAL SHOP, KYIV",-66,0,-42580.39,траты_клиента
2023-09-30 14:08,"CENTRAL SHOP, KYIV",-20,0,-42600.39,траты_клиента
2023-09-30 17:02,Київ Цифровий,-8,0,-42608.39,траты_клиента
2023-09-30 17:23,"FruktitaOvochi, KIEV",-101.32,0,-42709.71,траты_клиента
2023-10-01 00:03,Списання відсотків за використання кредитного ліміту,-1013.91,0,-43723.62,проценты_списание
2023-10-01 09:51,537541****7507,-3952,152,-47675.62,траты_клиента
2023-10-01 09:56,414949****9841,-728,28,-48403.62,траты_клиента
2023-10-01 10:13,"KAVIARNIA, KYIV",-55,0,-48458.62,траты_клиента
2023-10-01 10:48,Київ Цифровий,-8,0,-48466.62,траты_клиента
2023-10-01 12:37,"BIG MAMA, KYIV",-70,0,-48536.62,траты_клиента
2023-10-01 13:13,Київ Цифровий,-8,0,-48544.62,траты_клиента
2023-10-01 13:25,"BONUS B-44, KYIV",-35,0,-48579.62,траты_клиента
2023-10-01 19:43,"Suhofrukti, KIEV",-105,0,-48684.62,траты_клиента
2023-10-02 08:37,"Kaviarnia VJ KAVA, KIEV",-24,0,-48708.62,траты_клиента
2023-10-02 14:08,"TermosShotig, KIEV",-38,0,-48746.62,траты_клиента
2023-10-02 14:30,"Miasnii magazin Miasni, KIEV",-166.79,0,-48913.41,траты_клиента
2023-10-02 14:52,511695****9464,-624,24,-49537.41,траты_клиента
2023-10-02 20:40,"Suhofrukti, KIEV",-91,0,-49628.41,траты_клиента
2023-10-03 09:39,"Kaviarnia VJ KAVA, KIEV",-50,0,-49678.41,траты_клиента
2023-10-03 14:22,"Dia, KIEV",-42,0,-49720.41,траты_клиента
2023-10-03 14:27,"KYYIV KHLIB, KYYIV",-32,0,-49752.41,траты_клиента
2023-10-03 15:29,ОВРУЧ АЛЬТЕР ЕНЕРГО,-644.64,12.64,-50397.05,траты_клиента
2023-10-04 09:40,"Kaviarnia VJ KAVA, KIEV",-24,0,-50421.05,траты_клиента
2023-10-04 13:35,Нова пошта,-53,0,-50474.05,траты_клиента
2023-10-05 14:38,"KAVIARNIA, KYIV",-55,0,-50529.05,траты_клиента
2023-10-05 15:15,"FruktitaOvochi, KIEV",-95.03,0,-50624.08,траты_клиента
2023-10-05 21:56,"Suhofrukti, KIEV",-81,0,-50705.08,траты_клиента
2023-10-06 14:18,"KAVIARNIA, KYIV",-55,0,-50760.08,траты_клиента
2023-10-07 11:00,Київ Цифровий,-8,0,-50768.08,траты_клиента
2023-10-07 11:25,"Parovamashina, KIEV",-55,0,-50823.08,траты_клиента
2023-10-07 11:38,Київ Цифровий,-8,0,-50831.08,траты_клиента
2023-10-07 12:03,"Pitnavoda, KIEV",-32.3,0,-50863.38,траты_клиента
2023-10-08 09:41,"KAVIARNIA, KYIV",-55,0,-50918.38,траты_клиента
2023-10-08 09:53,"Apteka optovikh tsn, KIEV",-35,0,-50953.38,траты_клиента
2023-10-08 10:33,Київ Цифровий,-8,0,-50961.38,траты_клиента
2023-10-08 11:04,"BIG MAMA, KYIV",-70,0,-51031.38,траты_клиента
2023-10-08 12:04,"TermosShotig, KIEV",-28,0,-51059.38,траты_клиента
2023-10-08 20:04,"7026, KIEV",-69.1,0,-51128.48,траты_клиента
2023-10-09 15:44,"KAVIARNIA, KYIV",-28,0,-51156.48,траты_клиента
2023-10-09 16:12,Київ Цифровий,-8,0,-51164.48,траты_клиента
2023-10-09 17:00,"BIG MAMA, KYIV",-80,0,-51244.48,траты_клиента
2023-10-09 17:42,Київ Цифровий,-8,0,-51252.48,траты_клиента
2023-10-10 12:29,"KAVIARNIA, KYIV",-28,0,-51280.48,траты_клиента
2023-10-10 13:06,"Zootovari, KIEV",-200,0,-51480.48,траты_клиента
2023-10-10 15:13,414939****2652,-20.8,0.8,-51501.28,траты_клиента
2023-10-11 08:25,537541****7507,-624,24,-52125.28,траты_клиента
2023-10-11 12:47,"Fruktitaovochi, KIEV",-107,0,-52232.28,траты_клиента
2023-10-12 13:06,"KAVIARNIA, KYIV",-55,0,-52287.28,траты_клиента
2023-10-13 09:38,Монобанк,-728,28,-53015.28,траты_клиента
2023-10-13 12:40,"KAVIARNIA, KYIV",-28,0,-53043.28,траты_клиента
2023-10-14 11:24,"Miasnii magazin Miasni, KIEV",-222.6,0,-53265.88,траты_клиента
2023-10-14 11:37,"BONUS B-44, KYIV",-155.7,0,-53421.58,траты_клиента
2023-10-14 11:41,"Zootovari, KIEV",-216,0,-53637.58,траты_клиента
2023-10-14 16:14,"BIG MAMA, KYIV",-70,0,-53707.58,траты_клиента
2023-10-16 12:22,"KAVIARNIA, KYIV",-55,0,-53762.58,траты_клиента
2023-10-16 16:22,537541****7507,-416,16,-54178.58,траты_клиента
2023-10-17 14:37,"KAVIARNIA, KYIV",-28,0,-54206.58,траты_клиента
2023-10-17 15:16,"Pitnavoda, KIEV",-32.3,0,-54238.88,траты_клиента
2023-10-17 15:30,Монобанк,5000,0,-49238.88,собственный_взнос_или_входящий_перевод
2023-10-18 13:01,"KAVIARNIA, KYIV",-28,0,-49266.88,траты_клиента
2023-10-19 14:44,"Italiyskiy, KIEV",-115,0,-49381.88,траты_клиента
2023-10-19 14:48,"KAVIARNIA, KYIV",-55,0,-49436.88,траты_клиента
2023-10-20 19:26,OLX,-204.57,7.87,-49641.45,траты_клиента
2023-10-21 12:51,"KAVIARNIA, KYIV",-55,0,-49696.45,траты_клиента
2023-10-21 13:21,Київ Цифровий,-8,0,-49704.45,траты_клиента
2023-10-21 14:44,"ZHYTNIY RYNOK, KYYIV",-199,0,-49903.45,траты_клиента
2023-10-21 18:02,"PARBAR, KYIV",-560,0,-50463.45,траты_клиента
2023-10-22 14:31,"7026, KIEV",-127.07,0,-50590.52,траты_клиента
2023-10-24 13:53,"KAVIARNIA, KYIV",-55,0,-50645.52,траты_клиента
2023-10-25 12:09,536354****1585,-707.2,27.2,-51352.72,траты_клиента
2023-10-25 12:49,"KAVIARNIA, KYIV",-28,0,-51380.72,траты_клиента
2023-10-25 13:32,"Pitnavoda, KIEV",-32.3,0,-51413.02,траты_клиента
2023-10-29 12:45,Київ Цифровий,-8,0,-51421.02,траты_клиента
2023-10-29 15:02,"BIG MAMA, KYIV",-105,0,-51526.02,траты_клиента
2023-10-29 15:49,Київ Цифровий,-8,0,-51534.02,траты_клиента
2023-10-31 14:16,"7026, KIEV",-88.83,0,-51622.85,траты_клиента
2023-10-31 14:20,Нова пошта,-861.12,33.12,-52483.97,траты_клиента
2023-10-31 14:20,Нова пошта,-74,0,-52557.97,траты_клиента
2023-10-31 14:31,"Pitnavoda, KIEV",-32.3,0,-52590.27,траты_клиента
2023-11-01 00:03,Списання відсотків за використання кредитного ліміту,-1757.91,0,-54348.18,проценты_списание
2023-11-01 10:46,"KAVIARNIA, KYIV",-28,0,-54376.18,траты_клиента
2023-11-02 12:27,"Coffeeroom, KIEV",-28,0,-54404.18,траты_клиента
2023-11-02 22:12,Myfundedfx,-4660,0,-59064.18,траты_клиента
2023-11-03 11:06,"Coffeeroom, KIEV",-55,0,-59119.18,траты_клиента
2023-11-03 13:09,"Zoomagazin, KIEV",-640,0,-59759.18,траты_клиента
2023-11-04 18:52,Київ Цифровий,-8,0,-59767.18,траты_клиента
2023-11-04 19:03,АТБ,-27.9,0,-59795.08,траты_клиента
2023-11-05 11:07,Укрзалізниця,-106.85,0,-59901.93,траты_клиента
2023-11-05 11:53,"TermosShotig, KIEV",-48,0,-59949.93,траты_клиента
2023-11-05 13:59,Київ Цифровий,-8,0,-59957.93,траты_клиента
2023-11-05 17:37,Київ Цифровий,-8,0,-59965.93,траты_клиента
2023-11-06 13:18,"TermosShotig, KIEV",-48,0,-60013.93,траты_клиента
2023-11-07 13:16,"Coffeeroom, KIEV",-60,0,-60073.93,траты_клиента
2023-11-08 12:49,"Coffeeroom, KIEV",-60,0,-60133.93,траты_клиента
2023-11-09 13:11,"Coffeeroom, KIEV",-60,0,-60193.93,траты_клиента
2023-11-09 14:12,"Pitnavoda, KIEV",-32.3,0,-60226.23,траты_клиента
2023-11-09 19:43,Монобанк,2300,0,-57926.23,собственный_взнос_или_входящий_перевод
2023-11-09 19:48,Зарахування коштів за кредитом Розстрочка з виписки,32510,0,-25416.23,рассрочка_из_выписки_зачисление
2023-11-10 14:53,"TermosShotig, KIEV",-48,0,-25464.23,траты_клиента
2023-11-11 15:49,Київ Цифровий,-8,0,-25472.23,траты_клиента
2023-11-11 18:50,Київ Цифровий,-8,0,-25480.23,траты_клиента
2023-11-12 12:18,"TermosShotig, KIEV",-48,0,-25528.23,траты_клиента
2023-11-12 12:38,"Suhofrukti, KIEV",-240,0,-25768.23,траты_клиента
2023-11-13 12:46,"TermosShotig, KIEV",-48,0,-25816.23,траты_клиента
2023-11-14 14:31,"TermosShotig, KIEV",-28,0,-25844.23,траты_клиента
2023-11-15 13:21,"KAFE, KYIV",-38,0,-25882.23,траты_клиента
2023-11-16 14:23,"KAFE, KYIV",-38,0,-25920.23,траты_клиента
2023-11-16 14:48,"RYZHYK, KYYIV",-395,0,-26315.23,траты_клиента
2023-11-16 15:04,"Miasnii magazin Miasni, KIEV",-227.03,0,-26542.26,траты_клиента
2023-11-17 10:35,"Kaviarnia VJ KAVA, KIEV",-50,0,-26592.26,траты_клиента
2023-11-18 18:17,"Pitnavoda, KIEV",-32.3,0,-26624.56,траты_клиента
2023-11-18 20:37,Київ Цифровий,-8,0,-26632.56,траты_клиента
2023-11-19 12:32,"KAFE, KYIV",-38,0,-26670.56,траты_клиента
2023-11-19 14:37,Київ Цифровий,-8,0,-26678.56,траты_клиента
2023-11-19 16:35,"Kipish, KIEV",-110,0,-26788.56,траты_клиента
2023-11-19 17:16,Київ Цифровий,-8,0,-26796.56,траты_клиента
2023-11-20 13:08,"KAFE, KYIV",-38,0,-26834.56,траты_клиента
2023-11-21 12:24,"Apteka optovikh tsn, KIEV",-156.6,0,-26991.16,траты_клиента
2023-11-21 12:31,"KAFE, KYIV",-38,0,-27029.16,траты_клиента
2023-11-22 13:24,"KAFE, KYIV",-38,0,-27067.16,траты_клиента
2023-11-23 12:37,"KAFE, KYIV",-38,0,-27105.16,траты_клиента
2023-11-23 23:46,Зняття готівки в банкоматі,-2080,80,-29185.16,траты_клиента
2023-11-23 23:49,Зняття готівки в банкоматі,-4160,160,-33345.16,траты_клиента
2023-11-24 09:48,"Kaviarnia VJ KAVA, KIEV",-27,0,-33372.16,траты_клиента
2023-11-24 13:15,"KAFE, KYIV",-38,0,-33410.16,траты_клиента
2023-11-24 13:49,Нова пошта,-850,0,-34260.16,траты_клиента
2023-11-30 17:26,Portmone,-30,0,-34290.16,траты_клиента
2023-12-01 00:03,Списання відсотків за використання кредитного ліміту,-1267.15,0,-35557.31,проценты_списание
2023-12-01 14:29,PayPal,-460.86,0,-36018.17,траты_клиента
2023-12-09 20:54,Регулярне списання за кредитом Розстрочка з виписки,-2051.16,78.89,-38069.33,рассрочка_из_выписки_платёж
2023-12-12 12:44,NovaPay,-441,0,-38510.33,траты_клиента
2023-12-20 13:33,Монобанк,2000,0,-36510.33,собственный_взнос_или_входящий_перевод
2023-12-29 19:55,eBay,-1325.96,0,-37836.29,траты_клиента
2024-01-01 00:03,Списання відсотків за використання кредитного ліміту,-1262.25,0,-39098.54,проценты_списание
2024-01-01 09:44,537541****7507,-3120,120,-42218.54,траты_клиента
2024-01-03 18:52,"M7 DR ACADEMY, +97142997722",-1936.44,0,-44154.98,траты_клиента
2024-01-04 09:47,Укрзалізниця,-337.4,0,-44492.38,траты_клиента
2024-01-07 20:15,"TAKEPROFITTRADER, +13326007738",-3311.86,0,-47804.24,траты_клиента
2024-01-08 13:16,ПриватБанк,2000,0,-45804.24,собственный_взнос_или_входящий_перевод
2024-01-08 13:19,Зарахування коштів за кредитом Розстрочка з виписки,29009.12,0,-16795.12,рассрочка_из_выписки_зачисление
2024-01-08 13:21,537541****7507,-5200,200,-21995.12,траты_клиента
2024-01-08 13:23,511695****9464,-1144,44,-23139.12,траты_клиента
2024-01-09 20:48,Регулярне списання за кредитом Розстрочка з виписки,-2051.16,78.89,-25190.28,рассрочка_из_выписки_платёж
2024-01-10 19:50,"TAKEPROFITTRADER, +13326007738",-3961.86,0,-29152.14,траты_клиента
2024-01-16 10:39,"TAKEPROFITTRADER, +13326007738",-3936.71,0,-33088.85,траты_клиента
2024-01-16 18:07,537541****7507,-936,36,-34024.85,траты_клиента
2024-01-23 17:34,"TAKEPROFITTRADER, +13326007738",-3814.52,0,-37839.37,траты_клиента
2024-01-25 12:05,536354****1585,-4268.16,164.16,-42107.53,траты_клиента
2024-01-29 09:38,"TAKEPROFITTRADER, +13326007738",-3947.7,0,-46055.23,траты_клиента
2024-01-29 16:44,"TAKEPROFITTRADER, +13326007738",-3870.3,0,-49925.53,траты_клиента
2024-01-29 19:37,Portmone,-130,0,-50055.53,траты_клиента
2024-02-01 00:03,Списання відсотків за використання кредитного ліміту,-1322.62,0,-51378.15,проценты_списание
2024-02-03 19:53,"M7 DR ACADEMY, +97142997722",-1916.12,0,-53294.27,траты_клиента
2024-02-03 20:56,511695****9464,-1144,44,-54438.27,траты_клиента
2024-02-07 21:17,"TAKEPROFITTRADER, +13326007738",-3249.18,0,-57687.45,траты_клиента
2024-02-08 20:51,Регулярне списання за кредитом Розстрочка з виписки,-1830.29,70.4,-59517.74,рассрочка_из_выписки_платёж
2024-02-09 20:50,Регулярне списання за кредитом Розстрочка з виписки,-2051.16,78.89,-61568.9,рассрочка_из_выписки_платёж
2024-02-23 09:13,Монобанк,2100,0,-59468.9,собственный_взнос_или_входящий_перевод
2024-02-25 12:03,536354****1585,-3447.6,132.6,-62916.5,траты_клиента
2024-03-01 00:03,Списання відсотків за використання кредитного ліміту,-1900.51,0,-64817.01,проценты_списание
2024-03-08 20:50,Регулярне списання за кредитом Розстрочка з виписки,-1830.29,70.4,-66647.3,рассрочка_из_выписки_платёж
2024-03-09 20:53,Регулярне списання за кредитом Розстрочка з виписки,-2051.16,78.89,-68698.46,рассрочка_из_выписки_платёж
2024-04-01 00:03,Списання відсотків за використання кредитного ліміту,-2275.8,0,-70974.26,проценты_списание
2024-04-08 20:49,Регулярне списання за кредитом Розстрочка з виписки,-1830.29,70.4,-72804.55,рассрочка_из_выписки_платёж
2024-04-09 20:50,Регулярне списання за кредитом Розстрочка з виписки,-2051.16,78.89,-74855.71,рассрочка_из_выписки_платёж
2024-04-17 10:31,ПриватБанк,200,0,-74655.71,собственный_взнос_или_входящий_перевод
2024-04-26 20:23,ПриватБанк,2400,0,-72255.71,собственный_взнос_или_входящий_перевод
2024-05-01 00:03,Списання відсотків за використання кредитного ліміту,-2328.03,0,-74583.74,проценты_списание
2024-05-02 12:30,Зарахування від Владислав Глазирін,275,0,-74308.74,собственный_взнос_или_входящий_перевод
2024-05-08 20:45,Регулярне списання за кредитом Розстрочка з виписки,-1830.29,70.4,-76139.03,рассрочка_из_выписки_платёж
2024-05-09 20:46,Регулярне списання за кредитом Розстрочка з виписки,-2051.16,78.89,-78190.19,рассрочка_из_выписки_платёж
2024-05-28 06:17,ПриватБанк,2600,0,-75590.19,собственный_взнос_или_входящий_перевод
2024-06-01 00:03,Списання відсотків за використання кредитного ліміту,-2518.26,0,-78108.45,проценты_списание
2024-06-08 20:52,Регулярне списання за кредитом Розстрочка з виписки,-1830.29,70.4,-79938.74,рассрочка_из_выписки_платёж
2024-06-09 20:51,Регулярне списання за кредитом Розстрочка з виписки,-2051.16,78.89,-81989.9,рассрочка_из_выписки_платёж
2024-07-01 00:03,Списання відсотків за використання кредитного ліміту,-2548.77,0,-84538.67,проценты_списание
2024-07-08 16:40,ПриватБанк,3000,0,-81538.67,собственный_взнос_или_входящий_перевод
2024-07-08 20:52,Регулярне списання за кредитом Розстрочка з виписки,-1830.29,70.4,-83368.96,рассрочка_из_выписки_платёж
2024-07-09 20:44,Регулярне списання за кредитом Розстрочка з виписки,-2051.16,78.89,-85420.12,рассрочка_из_выписки_платёж
2024-07-22 18:32,ПриватБанк,3000,0,-82420.12,собственный_взнос_или_входящий_перевод
2024-07-24 13:29,ПриватБанк,100,0,-82320.12,собственный_взнос_или_входящий_перевод
2024-08-01 00:03,Списання відсотків за використання кредитного ліміту,-2756.45,0,-85076.57,проценты_списание
2024-08-05 21:07,ПриватБанк,3350,0,-81726.57,собственный_взнос_или_входящий_перевод
2024-08-08 20:53,Регулярне списання за кредитом Розстрочка з виписки,-1830.29,70.4,-83556.86,рассрочка_из_выписки_платёж
2024-08-09 20:51,Регулярне списання за кредитом Розстрочка з виписки,-2051.16,78.89,-85608.02,рассрочка_из_выписки_платёж
2024-09-01 00:03,Списання відсотків за використання кредитного ліміту,-2835.3,0,-88443.32,проценты_списание
2024-09-08 20:14,Регулярне списання за кредитом Розстрочка з виписки,-1830.29,70.4,-90273.61,рассрочка_из_выписки_платёж
2024-09-09 11:37,ПриватБанк,3400,0,-86873.61,собственный_взнос_или_входящий_перевод
2024-09-09 20:11,Регулярне списання за кредитом Розстрочка з виписки,-2051.16,78.89,-88924.77,рассрочка_из_выписки_платёж
2024-10-01 00:03,Списання відсотків за використання кредитного ліміту,-2853.03,0,-91777.8,проценты_списание
2024-10-08 20:07,Регулярне списання за кредитом Розстрочка з виписки,-1830.29,70.4,-93608.09,рассрочка_из_выписки_платёж
2024-10-09 20:10,Регулярне списання за кредитом Розстрочка з виписки,-2051.16,78.89,-95659.25,рассрочка_из_выписки_платёж
2024-10-21 13:47,City24,4000,0,-91659.25,собственный_взнос_или_входящий_перевод
2024-11-01 00:03,Списання відсотків за використання кредитного ліміту,-3063.65,0,-94722.9,проценты_списание
2024-11-05 12:49,ПриватБанк,3300,0,-91422.9,собственный_взнос_или_входящий_перевод
2024-11-08 20:07,Регулярне списання за кредитом Розстрочка з виписки,-1830.29,70.4,-93253.19,рассрочка_из_выписки_платёж
2024-11-09 20:10,Регулярне списання за кредитом Розстрочка з виписки,-2051.16,78.89,-95304.35,рассрочка_из_выписки_платёж
2024-11-28 19:12,ПриватБанк,3000,0,-92304.35,собственный_взнос_или_входящий_перевод
2024-12-01 00:03,Списання відсотків за використання кредитного ліміту,-3053.28,0,-95357.63,проценты_списание
2024-12-05 09:16,Поповнення картки,700,0,-94657.63,собственный_взнос_или_входящий_перевод
2024-12-08 20:05,Регулярне списання за кредитом Розстрочка з виписки,-1830.29,70.4,-96487.92,рассрочка_из_выписки_платёж
2024-12-09 20:06,Регулярне списання за кредитом Розстрочка з виписки,-2051.16,78.89,-98539.08,рассрочка_из_выписки_платёж
2025-01-01 00:03,Списання відсотків за використання кредитного ліміту,-3267.2,0,-101806.28,проценты_списание
2025-01-01 10:49,ПриватБанк,3820,0,-97986.28,собственный_взнос_или_входящий_перевод
2025-01-08 20:04,Регулярне списання за кредитом Розстрочка з виписки,-1830.29,70.4,-99816.57,рассрочка_из_выписки_платёж
2025-01-09 20:03,Регулярне списання за кредитом Розстрочка з виписки,-2051.16,78.89,-101867.73,рассрочка_из_выписки_платёж
2025-02-01 00:03,Списання відсотків за використання кредитного ліміту,-3384.88,0,-105252.61,проценты_списание
2025-02-02 17:13,Поповнення картки,4100,0,-101152.61,собственный_взнос_или_входящий_перевод
2025-02-08 20:02,Регулярне списання за кредитом Розстрочка з виписки,-1830.29,70.4,-102982.9,рассрочка_из_выписки_платёж
2025-02-09 20:04,Регулярне списання за кредитом Розстрочка з виписки,-2051.16,78.89,-105034.06,рассрочка_из_выписки_платёж
2025-03-01 00:03,Списання відсотків за використання кредитного ліміту,-3150.7,0,-108184.76,проценты_списание
2025-03-03 12:25,City24,4000,0,-104184.76,собственный_взнос_или_входящий_перевод
2025-03-03 19:10,ПриватБанк,200,0,-103984.76,собственный_взнос_или_входящий_перевод
2025-03-08 20:05,Регулярне списання за кредитом Розстрочка з виписки,-1830.29,70.4,-105815.05,рассрочка_из_выписки_платёж
2025-03-09 20:04,Регулярне списання за кредитом Розстрочка з виписки,-2051.16,78.89,-107866.21,рассрочка_из_выписки_платёж
2025-03-31 22:01,ПриватБанк,2000,0,-105866.21,собственный_взнос_или_входящий_перевод
2025-04-01 00:03,Списання відсотків за використання кредитного ліміту,-3598.62,0,-109464.83,проценты_списание
2025-04-07 20:15,ПриватБанк,2400,0,-107064.83,собственный_взнос_или_входящий_перевод
2025-04-08 20:03,Регулярне списання за кредитом Розстрочка з виписки,-1830.29,70.4,-108895.12,рассрочка_из_выписки_платёж
2025-04-09 20:04,Регулярне списання за кредитом Розстрочка з виписки,-2051.16,78.89,-110946.28,рассрочка_из_выписки_платёж
2025-04-30 20:51,Зі своєї картки,4300,0,-106646.28,собственный_взнос_или_входящий_перевод
2025-05-01 00:03,Списання відсотків за використання кредитного ліміту,-3567.98,0,-110214.26,проценты_списание
2025-05-08 20:01,Регулярне списання за кредитом Розстрочка з виписки,-1830.29,70.4,-112044.55,рассрочка_из_выписки_платёж
2025-05-09 20:06,Регулярне списання за кредитом Розстрочка з виписки,-2051.16,78.89,-114095.71,рассрочка_из_выписки_платёж
2025-06-01 00:03,Списання відсотків за використання кредитного ліміту,-3797.28,0,-117892.99,проценты_списание
2025-06-05 10:29,ПриватБанк,4800,0,-113092.99,собственный_взнос_или_входящий_перевод
2025-06-08 20:08,Регулярне списання за кредитом Розстрочка з виписки,-1830.29,70.4,-114923.28,рассрочка_из_выписки_платёж
2025-06-09 20:08,Регулярне списання за кредитом Розстрочка з виписки,-2051.16,78.89,-116974.44,рассрочка_из_выписки_платёж
2025-07-01 00:03,Списання відсотків за використання кредитного ліміту,-3769.62,0,-120744.06,проценты_списание
2025-07-08 20:07,Регулярне списання за кредитом Розстрочка з виписки,-1830.29,70.4,-122574.35,рассрочка_из_выписки_платёж
2025-07-09 20:09,Регулярне списання за кредитом Розстрочка з виписки,-2051.16,78.89,-124625.51,рассрочка_из_выписки_платёж
2025-07-14 15:41,ПриватБанк,5000,0,-119625.51,собственный_взнос_или_входящий_перевод
2025-08-01 00:03,Списання відсотків за використання кредитного ліміту,-4000.73,0,-123626.24,проценты_списание
2025-08-08 20:08,Регулярне списання за кредитом Розстрочка з виписки,-1830.29,70.4,-125456.53,рассрочка_из_выписки_платёж
2025-08-09 20:09,Регулярне списання за кредитом Розстрочка з виписки,-2051.16,78.89,-127507.69,рассрочка_из_выписки_платёж
2025-08-11 10:55,ПриватБанк,500,0,-127007.69,собственный_взнос_или_входящий_перевод
2025-09-01 00:03,Списання відсотків за використання кредитного ліміту,-4107.87,0,-131115.56,проценты_списание
2025-09-08 20:06,Регулярне списання за кредитом Розстрочка з виписки,-1830.29,70.4,-132945.85,рассрочка_из_выписки_платёж
2025-09-09 20:08,Регулярне списання за кредитом Розстрочка з виписки,-2051.16,78.89,-134997.01,рассрочка_из_выписки_платёж
2025-10-01 00:03,Списання відсотків за використання кредитного ліміту,-4099.93,0,-139096.94,проценты_списание
2025-10-04 22:26,Миттєвий переказ,103,0,-138993.94,собственный_взнос_или_входящий_перевод
2025-10-08 20:08,Регулярне списання за кредитом Розстрочка з виписки,-1830.29,70.4,-140824.23,рассрочка_из_выписки_платёж
2025-10-09 20:05,Регулярне списання за кредитом Розстрочка з виписки,-2051.16,78.89,-142875.39,рассрочка_из_выписки_платёж
2025-10-10 12:02,ПриватБанк,20,0,-142855.39,собственный_взнос_или_входящий_перевод
2025-10-27 12:14,ПриватБанк,100,0,-142755.39,собственный_взнос_или_входящий_перевод
2025-11-01 00:03,Списання відсотків за використання кредитного ліміту,-4368.1,0,-147123.49,проценты_списание
2025-11-08 20:06,Регулярне списання за кредитом Розстрочка з виписки,-2051.24,78.89,-149174.73,рассрочка_из_выписки_платёж
2025-11-08 20:06,Регулярне списання за кредитом Розстрочка з виписки,-5490.77,211.18,-154665.5,рассрочка_из_выписки_платёж
2025-11-21 15:05,ПриватБанк,1000,0,-153665.5,собственный_взнос_или_входящий_перевод
2025-12-01 00:03,Списання відсотків за використання кредитного ліміту,-4439.11,0,-158104.61,проценты_списание
2025-12-15 13:41,ПриватБанк,1000,0,-157104.61,собственный_взнос_или_входящий_перевод
2026-01-01 00:03,Списання відсотків за використання кредитного ліміту,-4605.96,0,-161710.57,проценты_списание
2026-01-19 10:01,ПриватБанк,1000,0,-160710.57,собственный_взнос_или_входящий_перевод
2026-02-01 00:03,Списання відсотків за використання кредитного ліміту,-4575.74,0,-165286.31,проценты_списание
2026-03-01 00:03,Списання відсотків за використання кредитного ліміту,-4113.69,0,-169400,проценты_списание
2026-04-01 00:03,Списання відсотків за використання кредитного ліміту,-4554.55,0,-173954.55,проценты_списание
2026-05-01 00:03,Списання відсотків за використання кредитного ліміту,-4407.52,0,-178362.07,проценты_списание
2026-06-01 00:03,Списання відсотків за використання кредитного ліміту,-4554.54,0,-182916.61,проценты_списание
