месяц,банк_начислил,модель_базовая_ставка,разница
2020-11,0.00,219.26,-219.26
2020-12,0.00,1007.54,-1007.54
2021-01,1958.17,1099.26,858.91
2021-02,0.00,840.00,-840.00
2021-03,1055.15,1144.22,-89.07
2021-04,1082.63,1174.10,-91.47
2021-05,758.47,821.33,-62.86
2021-06,897.91,886.64,11.27
2021-07,979.88,973.73,6.15
2021-08,1032.92,1032.91,0.01
2021-09,979.89,979.91,-0.02
2021-10,32.01,63.40,-31.39
2021-11,0.00,0.00,0.00
2021-12,0.00,568.54,-568.54
2022-01,1671.58,1036.87,634.71
2022-02,889.58,889.58,0.00
2022-03,984.88,984.89,-0.01
2022-04,953.11,953.12,-0.01
2022-05,984.92,984.89,0.03
2022-06,953.12,953.12,-0.00
2022-07,984.89,984.89,-0.00
2022-08,984.87,984.89,-0.02
2022-09,381.25,413.02,-31.77
2022-10,0.00,0.00,0.00
2022-11,0.00,0.00,0.00
2022-12,0.00,0.00,0.00
2023-01,0.00,0.00,0.00
2023-02,0.00,0.00,0.00
2023-03,0.00,0.00,0.00
2023-04,0.00,0.00,0.00
2023-05,0.00,0.00,0.00
2023-06,0.00,2.74,-2.74
2023-07,0.00,13.72,-13.72
2023-08,0.00,75.32,-75.32
2023-09,1013.91,848.07,165.84
2023-10,1757.91,1736.36,21.55
2023-11,1267.15,1231.76,35.39
2023-12,1262.25,1253.89,8.36
2024-01,1322.62,1251.12,71.50
2024-02,1900.51,1884.71,15.80
2024-03,2275.80,2277.68,-1.88
2024-04,2328.03,2330.08,-2.05
2024-05,2518.26,2520.81,-2.55
2024-06,2548.77,2551.40,-2.63
2024-07,2756.45,2759.64,-3.19
2024-08,2835.30,2838.77,-3.47
2024-09,2853.03,2856.48,-3.45
2024-10,3063.65,3067.68,-4.03
2024-11,3053.28,3057.30,-4.02
2024-12,3267.20,3271.80,-4.60
2025-01,3384.88,3380.57,4.31
2025-02,3150.70,3146.34,4.36
2025-03,3598.62,3594.34,4.28
2025-04,3567.98,3563.60,4.38
2025-05,3797.28,3793.01,4.27
2025-06,3769.62,3765.19,4.43
2025-07,4000.73,3996.46,4.27
2025-08,4107.87,4103.55,4.32
2025-09,4099.93,4095.57,4.36
2025-10,4368.10,4363.80,4.30
2025-11,4439.11,4430.67,8.44
2025-12,4605.96,4605.91,0.05
2026-01,4575.74,4575.72,0.02
2026-02,4113.69,4113.73,-0.04
2026-03,4554.55,4554.49,0.06
2026-04,4407.52,4407.57,-0.05
2026-05,4554.54,4554.49,0.05
2026-06,0.00,1616.11,-1616.11
