дата_время,описание,сумма_по_карте,сумма_операции,комиссия
2020-12-01 12:13,Abnk,16386,16386,0
2020-12-28 09:01,"Щомісячний платіж за кредитним договором ""Розстрочка миттєва"" №ABH0CU30122142560 від 2020-12-01",-3334.44,-3334.44,0
2021-01-28 09:03,"Щомісячний платіж за кредитним договором ""Розстрочка миттєва"" №ABH0CU30122142560 від 2020-12-01",-3334.44,-3334.44,0
2021-02-28 10:38,"Щомісячний платіж за кредитним договором ""Розстрочка миттєва"" №ABH0CU30122142560 від 2020-12-01",-3334.44,-3334.44,0
2021-03-28 09:21,"Щомісячний платіж за кредитним договором ""Розстрочка миттєва"" №ABH0CU30122142560 від 2020-12-01",-3334.44,-3334.44,0
2021-04-28 10:50,"Щомісячний платіж за кредитним договором ""Розстрочка миттєва"" №ABH0CU30122142560 від 2020-12-01",-3334.44,-3334.44,0
2021-05-31 16:05,"Щомісячний платіж за кредитним договором ""Розстрочка миттєва"" №ABH0CU30122142560 від 2020-12-01",-3334.44,-3334.44,0
2023-11-09 19:48,Зарахування коштів за кредитом Розстрочка з виписки,32510,32510,0
2023-12-09 20:54,Регулярне списання за кредитом Розстрочка з виписки,-2051.16,-1972.27,78.89
2024-01-08 13:19,Зарахування коштів за кредитом Розстрочка з виписки,29009.12,29009.12,0
2024-01-09 20:48,Регулярне списання за кредитом Розстрочка з виписки,-2051.16,-1972.27,78.89
2024-02-08 20:51,Регулярне списання за кредитом Розстрочка з виписки,-1830.29,-1759.89,70.4
2024-02-09 20:50,Регулярне списання за кредитом Розстрочка з виписки,-2051.16,-1972.27,78.89
2024-03-08 20:50,Регулярне списання за кредитом Розстрочка з виписки,-1830.29,-1759.89,70.4
2024-03-09 20:53,Регулярне списання за кредитом Розстрочка з виписки,-2051.16,-1972.27,78.89
2024-04-08 20:49,Регулярне списання за кредитом Розстрочка з виписки,-1830.29,-1759.89,70.4
2024-04-09 20:50,Регулярне списання за кредитом Розстрочка з виписки,-2051.16,-1972.27,78.89
2024-05-08 20:45,Регулярне списання за кредитом Розстрочка з виписки,-1830.29,-1759.89,70.4
2024-05-09 20:46,Регулярне списання за кредитом Розстрочка з виписки,-2051.16,-1972.27,78.89
2024-06-08 20:52,Регулярне списання за кредитом Розстрочка з виписки,-1830.29,-1759.89,70.4
2024-06-09 20:51,Регулярне списання за кредитом Розстрочка з виписки,-2051.16,-1972.27,78.89
2024-07-08 20:52,Регулярне списання за кредитом Розстрочка з виписки,-1830.29,-1759.89,70.4
2024-07-09 20:44,Регулярне списання за кредитом Розстрочка з виписки,-2051.16,-1972.27,78.89
2024-08-08 20:53,Регулярне списання за кредитом Розстрочка з виписки,-1830.29,-1759.89,70.4
2024-08-09 20:51,Регулярне списання за кредитом Розстрочка з виписки,-2051.16,-1972.27,78.89
2024-09-08 20:14,Регулярне списання за кредитом Розстрочка з виписки,-1830.29,-1759.89,70.4
2024-09-09 20:11,Регулярне списання за кредитом Розстрочка з виписки,-2051.16,-1972.27,78.89
2024-10-08 20:07,Регулярне списання за кредитом Розстрочка з виписки,-1830.29,-1759.89,70.4
2024-10-09 20:10,Регулярне списання за кредитом Розстрочка з виписки,-2051.16,-1972.27,78.89
2024-11-08 20:07,Регулярне списання за кредитом Розстрочка з виписки,-1830.29,-1759.89,70.4
2024-11-09 20:10,Регулярне списання за кредитом Розстрочка з виписки,-2051.16,-1972.27,78.89
2024-12-08 20:05,Регулярне списання за кредитом Розстрочка з виписки,-1830.29,-1759.89,70.4
2024-12-09 20:06,Регулярне списання за кредитом Розстрочка з виписки,-2051.16,-1972.27,78.89
2025-01-08 20:04,Регулярне списання за кредитом Розстрочка з виписки,-1830.29,-1759.89,70.4
2025-01-09 20:03,Регулярне списання за кредитом Розстрочка з виписки,-2051.16,-1972.27,78.89
2025-02-08 20:02,Регулярне списання за кредитом Розстрочка з виписки,-1830.29,-1759.89,70.4
2025-02-09 20:04,Регулярне списання за кредитом Розстрочка з виписки,-2051.16,-1972.27,78.89
2025-03-08 20:05,Регулярне списання за кредитом Розстрочка з виписки,-1830.29,-1759.89,70.4
2025-03-09 20:04,Регулярне списання за кредитом Розстрочка з виписки,-2051.16,-1972.27,78.89
2025-04-08 20:03,Регулярне списання за кредитом Розстрочка з виписки,-1830.29,-1759.89,70.4
2025-04-09 20:04,Регулярне списання за кредитом Розстрочка з виписки,-2051.16,-1972.27,78.89
2025-05-08 20:01,Регулярне списання за кредитом Розстрочка з виписки,-1830.29,-1759.89,70.4
2025-05-09 20:06,Регулярне списання за кредитом Розстрочка з виписки,-2051.16,-1972.27,78.89
2025-06-08 20:08,Регулярне списання за кредитом Розстрочка з виписки,-1830.29,-1759.89,70.4
2025-06-09 20:08,Регулярне списання за кредитом Розстрочка з виписки,-2051.16,-1972.27,78.89
2025-07-08 20:07,Регулярне списання за кредитом Розстрочка з виписки,-1830.29,-1759.89,70.4
2025-07-09 20:09,Регулярне списання за кредитом Розстрочка з виписки,-2051.16,-1972.27,78.89
2025-08-08 20:08,Регулярне списання за кредитом Розстрочка з виписки,-1830.29,-1759.89,70.4
2025-08-09 20:09,Регулярне списання за кредитом Розстрочка з виписки,-2051.16,-1972.27,78.89
2025-09-08 20:06,Регулярне списання за кредитом Розстрочка з виписки,-1830.29,-1759.89,70.4
2025-09-09 20:08,Регулярне списання за кредитом Розстрочка з виписки,-2051.16,-1972.27,78.89
2025-10-08 20:08,Регулярне списання за кредитом Розстрочка з виписки,-1830.29,-1759.89,70.4
2025-10-09 20:05,Регулярне списання за кредитом Розстрочка з виписки,-2051.16,-1972.27,78.89
2025-11-08 20:06,Регулярне списання за кредитом Розстрочка з виписки,-2051.24,-1972.35,78.89
2025-11-08 20:06,Регулярне списання за кредитом Розстрочка з виписки,-5490.77,-5279.59,211.18
