Дата і час операції,Номер картки,Деталі операції,МСС,Сума у валюті карти (UAH),Сума у валюті операції,Валюта,Курс,Сума комісій (UAH),Сума кешбеку (UAH),Залишок після операціЇ
"2026-06-01
00:03",-,"Списання відсотків за використання кредитного
ліміту",4829,-4554.54,-4554.54,980,1,0,0,-182916.61
"2026-05-01
00:03",-,"Списання відсотків за використання кредитного
ліміту",4829,-4407.52,-4407.52,980,1,0,0,-178362.07
"2026-04-01
00:03",-,"Списання відсотків за використання кредитного
ліміту",4829,-4554.55,-4554.55,980,1,0,0,-173954.55
"2026-03-01
00:03",-,"Списання відсотків за використання кредитного
ліміту",4829,-4113.69,-4113.69,980,1,0,0,-169400
"2026-02-01
00:03",-,"Списання відсотків за використання кредитного
ліміту",4829,-4575.74,-4575.74,980,1,0,0,-165286.31
"2026-01-19
10:01",5375****9346,ПриватБанк,6536,1000,1000,980,1,0,0,-160710.57
"2026-01-01
00:03",-,"Списання відсотків за використання кредитного
ліміту",4829,-4605.96,-4605.96,980,1,0,0,-161710.57
"2025-12-15
13:41",5375****9346,ПриватБанк,6536,1000,1000,980,1,0,0,-157104.61
"2025-12-01
00:03",-,"Списання відсотків за використання кредитного
ліміту",4829,-4439.11,-4439.11,980,1,0,0,-158104.61
"2025-11-21
15:05",5375****9346,ПриватБанк,6536,1000,1000,980,1,0,0,-153665.5
"2025-11-08
20:06",5375****9346,"Регулярне списання за кредитом Розстрочка з
виписки",4829,-5490.77,-5279.59,980,1,211.18,0,-154665.5
"2025-11-08
20:06",5375****9346,"Регулярне списання за кредитом Розстрочка з
виписки",4829,-2051.24,-1972.35,980,1,78.89,0,-149174.73
"2025-11-01
00:03",-,"Списання відсотків за використання кредитного
ліміту",4829,-4368.1,-4368.1,980,1,0,0,-147123.49
"2025-10-27
12:14",5375****9346,ПриватБанк,6536,100,100,980,1,0,0,-142755.39
"2025-10-10
12:02",5375****9346,ПриватБанк,6536,20,20,980,1,0,0,-142855.39
"2025-10-09
20:05",5375****9346,"Регулярне списання за кредитом Розстрочка з
виписки",4829,-2051.16,-1972.27,980,1,78.89,0,-142875.39
"2025-10-08
20:08",5375****9346,"Регулярне списання за кредитом Розстрочка з
виписки",4829,-1830.29,-1759.89,980,1,70.4,0,-140824.23
"2025-10-04
22:26",5375****9346,Миттєвий переказ,4829,103,103,980,1,0,0,-138993.94
"2025-10-01
00:03",-,"Списання відсотків за використання кредитного
ліміту",4829,-4099.93,-4099.93,980,1,0,0,-139096.94
"2025-09-09
20:08",5375****9346,"Регулярне списання за кредитом Розстрочка з
виписки",4829,-2051.16,-1972.27,980,1,78.89,0,-134997.01
"2025-09-08
20:06",5375****9346,"Регулярне списання за кредитом Розстрочка з
виписки",4829,-1830.29,-1759.89,980,1,70.4,0,-132945.85
"2025-09-01
00:03",-,"Списання відсотків за використання кредитного
ліміту",4829,-4107.87,-4107.87,980,1,0,0,-131115.56
"2025-08-11
10:55",5375****9346,ПриватБанк,6536,500,500,980,1,0,0,-127007.69
"2025-08-09
20:09",5375****9346,"Регулярне списання за кредитом Розстрочка з
виписки",4829,-2051.16,-1972.27,980,1,78.89,0,-127507.69
"2025-08-08
20:08",5375****9346,"Регулярне списання за кредитом Розстрочка з
виписки",4829,-1830.29,-1759.89,980,1,70.4,0,-125456.53
"2025-08-01
00:03",-,"Списання відсотків за використання кредитного
ліміту",4829,-4000.73,-4000.73,980,1,0,0,-123626.24
"2025-07-14
15:41",5375****9346,ПриватБанк,6536,5000,5000,980,1,0,0,-119625.51
"2025-07-09
20:09",5375****9346,"Регулярне списання за кредитом Розстрочка з
виписки",4829,-2051.16,-1972.27,980,1,78.89,0,-124625.51
"2025-07-08
20:07",5375****9346,"Регулярне списання за кредитом Розстрочка з
виписки",4829,-1830.29,-1759.89,980,1,70.4,0,-122574.35
"2025-07-01
00:03",-,"Списання відсотків за використання кредитного
ліміту",4829,-3769.62,-3769.62,980,1,0,0,-120744.06
"2025-06-09
20:08",5375****9346,"Регулярне списання за кредитом Розстрочка з
виписки",4829,-2051.16,-1972.27,980,1,78.89,0,-116974.44
"2025-06-08
20:08",5375****9346,"Регулярне списання за кредитом Розстрочка з
виписки",4829,-1830.29,-1759.89,980,1,70.4,0,-114923.28
"2025-06-05
10:29",5375****9346,ПриватБанк,6536,4800,4800,980,1,0,0,-113092.99
"2025-06-01
00:03",-,"Списання відсотків за використання кредитного
ліміту",4829,-3797.28,-3797.28,980,1,0,0,-117892.99
"2025-05-09
20:06",5375****9346,"Регулярне списання за кредитом Розстрочка з
виписки",4829,-2051.16,-1972.27,980,1,78.89,0,-114095.71
"2025-05-08
20:01",5375****9346,"Регулярне списання за кредитом Розстрочка з
виписки",4829,-1830.29,-1759.89,980,1,70.4,0,-112044.55
"2025-05-01
00:03",-,"Списання відсотків за використання кредитного
ліміту",4829,-3567.98,-3567.98,980,1,0,0,-110214.26
"2025-04-30
20:51",5375****9346,Зі своєї картки,4829,4300,4300,980,1,0,0,-106646.28
"2025-04-09
20:04",5375****9346,"Регулярне списання за кредитом Розстрочка з
виписки",4829,-2051.16,-1972.27,980,1,78.89,0,-110946.28
"2025-04-08
20:03",5375****9346,"Регулярне списання за кредитом Розстрочка з
виписки",4829,-1830.29,-1759.89,980,1,70.4,0,-108895.12
"2025-04-07
20:15",5375****9346,ПриватБанк,6536,2400,2400,980,1,0,0,-107064.83
"2025-04-01
00:03",-,"Списання відсотків за використання кредитного
ліміту",4829,-3598.62,-3598.62,980,1,0,0,-109464.83
"2025-03-31
22:01",5375****9346,ПриватБанк,6536,2000,2000,980,1,0,0,-105866.21
"2025-03-09
20:04",5375****9346,"Регулярне списання за кредитом Розстрочка з
виписки",4829,-2051.16,-1972.27,980,1,78.89,0,-107866.21
"2025-03-08
20:05",5375****9346,"Регулярне списання за кредитом Розстрочка з
виписки",4829,-1830.29,-1759.89,980,1,70.4,0,-105815.05
"2025-03-03
19:10",5375****9346,ПриватБанк,6536,200,200,980,1,0,0,-103984.76
"2025-03-03
12:25",-,City24,6010,4000,4000,980,1,0,0,-104184.76
"2025-03-01
00:03",-,"Списання відсотків за використання кредитного
ліміту",4829,-3150.7,-3150.7,980,1,0,0,-108184.76
"2025-02-09
20:04",5375****9346,"Регулярне списання за кредитом Розстрочка з
виписки",4829,-2051.16,-1972.27,980,1,78.89,0,-105034.06
"2025-02-08
20:02",5375****9346,"Регулярне списання за кредитом Розстрочка з
виписки",4829,-1830.29,-1759.89,980,1,70.4,0,-102982.9
"2025-02-02
17:13",5375****9346,Поповнення картки,4829,4100,4100,980,1,0,0,-101152.61
"2025-02-01
00:03",-,"Списання відсотків за використання кредитного
ліміту",4829,-3384.88,-3384.88,980,1,0,0,-105252.61
"2025-01-09
20:03",5375****9346,"Регулярне списання за кредитом Розстрочка з
виписки",4829,-2051.16,-1972.27,980,1,78.89,0,-101867.73
"2025-01-08
20:04",5375****9346,"Регулярне списання за кредитом Розстрочка з
виписки",4829,-1830.29,-1759.89,980,1,70.4,0,-99816.57
"2025-01-01
10:49",5375****9346,ПриватБанк,6536,3820,3820,980,1,0,0,-97986.28
"2025-01-01
00:03",-,"Списання відсотків за використання кредитного
ліміту",4829,-3267.2,-3267.2,980,1,0,0,-101806.28
"2024-12-09
20:06",5375****9346,"Регулярне списання за кредитом Розстрочка з
виписки",4829,-2051.16,-1972.27,980,1,78.89,0,-98539.08
"2024-12-08
20:05",5375****9346,"Регулярне списання за кредитом Розстрочка з
виписки",4829,-1830.29,-1759.89,980,1,70.4,0,-96487.92
"2024-12-05
09:16",5375****9346,Поповнення картки,4829,700,700,980,1,0,0,-94657.63
"2024-12-01
00:03",-,"Списання відсотків за використання кредитного
ліміту",4829,-3053.28,-3053.28,980,1,0,0,-95357.63
"2024-11-28
19:12",5375****9346,ПриватБанк,6536,3000,3000,980,1,0,0,-92304.35
"2024-11-09
20:10",5375****9346,"Регулярне списання за кредитом Розстрочка з
виписки",4829,-2051.16,-1972.27,980,1,78.89,0,-95304.35
"2024-11-08
20:07",5375****9346,"Регулярне списання за кредитом Розстрочка з
виписки",4829,-1830.29,-1759.89,980,1,70.4,0,-93253.19
"2024-11-05
12:49",5375****9346,ПриватБанк,6536,3300,3300,980,1,0,0,-91422.9
"2024-11-01
00:03",-,"Списання відсотків за використання кредитного
ліміту",4829,-3063.65,-3063.65,980,1,0,0,-94722.9
"2024-10-21
13:47",-,City24,6010,4000,4000,980,1,0,0,-91659.25
"2024-10-09
20:10",5375****9346,"Регулярне списання за кредитом Розстрочка з
виписки",4829,-2051.16,-1972.27,980,1,78.89,0,-95659.25
"2024-10-08
20:07",5375****9346,"Регулярне списання за кредитом Розстрочка з
виписки",4829,-1830.29,-1759.89,980,1,70.4,0,-93608.09
"2024-10-01
00:03",-,"Списання відсотків за використання кредитного
ліміту",4829,-2853.03,-2853.03,980,1,0,0,-91777.8
"2024-09-09
20:11",5375****9346,"Регулярне списання за кредитом Розстрочка з
виписки",4829,-2051.16,-1972.27,980,1,78.89,0,-88924.77
"2024-09-09
11:37",5375****9346,ПриватБанк,6536,3400,3400,980,1,0,0,-86873.61
"2024-09-08
20:14",5375****9346,"Регулярне списання за кредитом Розстрочка з
виписки",4829,-1830.29,-1759.89,980,1,70.4,0,-90273.61
"2024-09-01
00:03",-,"Списання відсотків за використання кредитного
ліміту",4829,-2835.3,-2835.3,980,1,0,0,-88443.32
"2024-08-09
20:51",5375****9346,"Регулярне списання за кредитом Розстрочка з
виписки",4829,-2051.16,-1972.27,980,1,78.89,0,-85608.02
"2024-08-08
20:53",5375****9346,"Регулярне списання за кредитом Розстрочка з
виписки",4829,-1830.29,-1759.89,980,1,70.4,0,-83556.86
"2024-08-05
21:07",5375****9346,ПриватБанк,6536,3350,3350,980,1,0,0,-81726.57
"2024-08-01
00:03",-,"Списання відсотків за використання кредитного
ліміту",4829,-2756.45,-2756.45,980,1,0,0,-85076.57
"2024-07-24
13:29",5375****9346,ПриватБанк,6536,100,100,980,1,0,0,-82320.12
"2024-07-22
18:32",5375****9346,ПриватБанк,6536,3000,3000,980,1,0,0,-82420.12
"2024-07-09
20:44",5375****9346,"Регулярне списання за кредитом Розстрочка з
виписки",4829,-2051.16,-1972.27,980,1,78.89,0,-85420.12
"2024-07-08
20:52",5375****9346,"Регулярне списання за кредитом Розстрочка з
виписки",4829,-1830.29,-1759.89,980,1,70.4,0,-83368.96
"2024-07-08
16:40",5375****9346,ПриватБанк,6536,3000,3000,980,1,0,0,-81538.67
"2024-07-01
00:03",-,"Списання відсотків за використання кредитного
ліміту",4829,-2548.77,-2548.77,980,1,0,0,-84538.67
"2024-06-09
20:51",5375****9346,"Регулярне списання за кредитом Розстрочка з
виписки",4829,-2051.16,-1972.27,980,1,78.89,0,-81989.9
"2024-06-08
20:52",5375****9346,"Регулярне списання за кредитом Розстрочка з
виписки",4829,-1830.29,-1759.89,980,1,70.4,0,-79938.74
"2024-06-01
00:03",-,"Списання відсотків за використання кредитного
ліміту",4829,-2518.26,-2518.26,980,1,0,0,-78108.45
"2024-05-28
06:17",5375****9346,ПриватБанк,6536,2600,2600,980,1,0,0,-75590.19
"2024-05-09
20:46",5375****9346,"Регулярне списання за кредитом Розстрочка з
виписки",4829,-2051.16,-1972.27,980,1,78.89,0,-78190.19
"2024-05-08
20:45",5375****9346,"Регулярне списання за кредитом Розстрочка з
виписки",4829,-1830.29,-1759.89,980,1,70.4,0,-76139.03
"2024-05-02
12:30",5375****9346,Зарахування від Владислав Глазирін,4829,275,275,980,1,0,0,-74308.74
"2024-05-01
00:03",-,"Списання відсотків за використання кредитного
ліміту",4829,-2328.03,-2328.03,980,1,0,0,-74583.74
"2024-04-26
20:23",5375****9346,ПриватБанк,6536,2400,2400,980,1,0,0,-72255.71
"2024-04-17
10:31",5375****9346,ПриватБанк,6536,200,200,980,1,0,0,-74655.71
"2024-04-09
20:50",5375****9346,"Регулярне списання за кредитом Розстрочка з
виписки",4829,-2051.16,-1972.27,980,1,78.89,0,-74855.71
"2024-04-08
20:49",5375****9346,"Регулярне списання за кредитом Розстрочка з
виписки",4829,-1830.29,-1759.89,980,1,70.4,0,-72804.55
"2024-04-01
00:03",-,"Списання відсотків за використання кредитного
ліміту",4829,-2275.8,-2275.8,980,1,0,0,-70974.26
"2024-03-09
20:53",5375****9346,"Регулярне списання за кредитом Розстрочка з
виписки",4829,-2051.16,-1972.27,980,1,78.89,0,-68698.46
"2024-03-08
20:50",5375****9346,"Регулярне списання за кредитом Розстрочка з
виписки",4829,-1830.29,-1759.89,980,1,70.4,0,-66647.3
"2024-03-01
00:03",-,"Списання відсотків за використання кредитного
ліміту",4829,-1900.51,-1900.51,980,1,0,0,-64817.01
"2024-02-25
12:03",5375****9346,536354****1585,4829,-3447.6,-3315,980,1,132.6,0,-62916.5
"2024-02-23
09:13",5375****9346,Монобанк,6010,2100,2100,980,1,0,0,-59468.9
"2024-02-09
20:50",5375****9346,"Регулярне списання за кредитом Розстрочка з
виписки",4829,-2051.16,-1972.27,980,1,78.89,0,-61568.9
"2024-02-08
20:51",5375****9346,"Регулярне списання за кредитом Розстрочка з
виписки",4829,-1830.29,-1759.89,980,1,70.4,0,-59517.74
"2024-02-07
21:17",5375****9346,"TAKEPROFITTRADER, +13326007738",5734,-3249.18,-85,840,38.2257,0,0,-57687.45
"2024-02-03
20:56",5375****9346,511695****9464,4829,-1144,-1100,980,1,44,0,-54438.27
"2024-02-03
19:53",5375****9346,"M7 DR ACADEMY, +97142997722",5968,-1916.12,-49.99,840,38.3301,0,0,-53294.27
"2024-02-01
00:03",-,"Списання відсотків за використання кредитного
ліміту",4829,-1322.62,-1322.62,980,1,0,0,-51378.15
"2024-01-29
19:37",5375****9346,Portmone,4814,-130,-130,980,1,0,0,-50055.53
"2024-01-29
16:44",5375****9346,"TAKEPROFITTRADER, +13326007738",5734,-3870.3,-100,840,38.703,0,0,-49925.53
"2024-01-29
09:38",5375****9346,"TAKEPROFITTRADER, +13326007738",5734,-3947.7,-102,840,38.703,0,0,-46055.23
"2024-01-25
12:05",5375****9346,536354****1585,4829,-4268.16,-4104,980,1,164.16,0,-42107.53
"2024-01-23
17:34",5375****9346,"TAKEPROFITTRADER, +13326007738",5734,-3814.52,-100,840,38.1452,0,0,-37839.37
"2024-01-16
18:07",5375****9346,537541****7507,4829,-936,-900,980,1,36,0,-34024.85
"2024-01-16
10:39",5375****9346,"TAKEPROFITTRADER, +13326007738",5734,-3936.71,-102,840,38.5952,0,0,-33088.85
"2024-01-10
19:50",5375****9346,"TAKEPROFITTRADER, +13326007738",5734,-3961.86,-102,840,38.8418,0,0,-29152.14
"2024-01-09
20:48",5375****9346,"Регулярне списання за кредитом Розстрочка з
виписки",4829,-2051.16,-1972.27,980,1,78.89,0,-25190.28
"2024-01-08
13:23",5375****9346,511695****9464,4829,-1144,-1100,980,1,44,0,-23139.12
"2024-01-08
13:21",5375****9346,537541****7507,4829,-5200,-5000,980,1,200,0,-21995.12
"2024-01-08
13:19",5375****9346,"Зарахування коштів за кредитом Розстрочка з
виписки",4829,29009.12,29009.12,980,1,0,0,-16795.12
"2024-01-08
13:16",5375****9346,ПриватБанк,6536,2000,2000,980,1,0,0,-45804.24
"2024-01-07
20:15",5375****9346,"TAKEPROFITTRADER, +13326007738",5734,-3311.86,-85,840,38.9631,0,0,-47804.24
"2024-01-04
09:47",5375****9346,Укрзалізниця,4112,-337.4,-337.4,980,1,0,0,-44492.38
"2024-01-03
18:52",5375****9346,"M7 DR ACADEMY, +97142997722",5968,-1936.44,-49.99,840,38.7366,0,0,-44154.98
"2024-01-01
09:44",5375****9346,537541****7507,4829,-3120,-3000,980,1,120,0,-42218.54
"2024-01-01
00:03",-,"Списання відсотків за використання кредитного
ліміту",4829,-1262.25,-1262.25,980,1,0,0,-39098.54
"2023-12-29
19:55",5375****9346,eBay,5311,-1325.96,-34.49,840,38.4448,0,0,-37836.29
"2023-12-20
13:33",5375****9346,Монобанк,6010,2000,2000,980,1,0,0,-36510.33
"2023-12-12
12:44",5375****9346,NovaPay,8999,-441,-441,980,1,0,0,-38510.33
"2023-12-09
20:54",5375****9346,"Регулярне списання за кредитом Розстрочка з
виписки",4829,-2051.16,-1972.27,980,1,78.89,0,-38069.33
"2023-12-01
14:29",5375****9346,PayPal,4816,-460.86,-460.86,980,1,0,0,-36018.17
"2023-12-01
00:03",-,"Списання відсотків за використання кредитного
ліміту",4829,-1267.15,-1267.15,980,1,0,0,-35557.31
"2023-11-30
17:26",5375****9346,Portmone,4814,-30,-30,980,1,0,0,-34290.16
"2023-11-24
13:49",5375****9346,Нова пошта,4214,-850,-850,980,1,0,0,-34260.16
"2023-11-24
13:15",5375****9346,"KAFE, KYIV",5814,-38,-38,980,1,0,0,-33410.16
"2023-11-24
09:48",5375****9346,"Kaviarnia VJ KAVA, KIEV",5814,-27,-27,980,1,0,0,-33372.16
"2023-11-23
23:49",5375****9346,Зняття готівки в банкоматі,6011,-4160,-4000,980,1,160,0,-33345.16
"2023-11-23
23:46",5375****9346,Зняття готівки в банкоматі,6011,-2080,-2000,980,1,80,0,-29185.16
"2023-11-23
12:37",5375****9346,"KAFE, KYIV",5814,-38,-38,980,1,0,0,-27105.16
"2023-11-22
13:24",5375****9346,"KAFE, KYIV",5814,-38,-38,980,1,0,0,-27067.16
"2023-11-21
12:31",5375****9346,"KAFE, KYIV",5814,-38,-38,980,1,0,0,-27029.16
"2023-11-21
12:24",5375****9346,"Apteka optovikh tsn, KIEV",5912,-156.6,-156.6,980,1,0,0,-26991.16
"2023-11-20
13:08",5375****9346,"KAFE, KYIV",5814,-38,-38,980,1,0,0,-26834.56
"2023-11-19
17:16",5375****9346,Київ Цифровий,4111,-8,-8,980,1,0,0,-26796.56
"2023-11-19
16:35",5375****9346,"Kipish, KIEV",5814,-110,-110,980,1,0,0,-26788.56
"2023-11-19
14:37",5375****9346,Київ Цифровий,4111,-8,-8,980,1,0,0,-26678.56
"2023-11-19
12:32",5375****9346,"KAFE, KYIV",5814,-38,-38,980,1,0,0,-26670.56
"2023-11-18
20:37",5375****9346,Київ Цифровий,4111,-8,-8,980,1,0,0,-26632.56
"2023-11-18
18:17",5375****9346,"Pitnavoda, KIEV",5499,-32.3,-32.3,980,1,0,0,-26624.56
"2023-11-17
10:35",5375****9346,"Kaviarnia VJ KAVA, KIEV",5814,-50,-50,980,1,0,0,-26592.26
"2023-11-16
15:04",5375****9346,"Miasnii magazin Miasni, KIEV",5499,-227.03,-227.03,980,1,0,0,-26542.26
"2023-11-16
14:48",5375****9346,"RYZHYK, KYYIV",742,-395,-395,980,1,0,0,-26315.23
"2023-11-16
14:23",5375****9346,"KAFE, KYIV",5814,-38,-38,980,1,0,0,-25920.23
"2023-11-15
13:21",5375****9346,"KAFE, KYIV",5814,-38,-38,980,1,0,0,-25882.23
"2023-11-14
14:31",5375****9346,"TermosShotig, KIEV",5814,-28,-28,980,1,0,0,-25844.23
"2023-11-13
12:46",5375****9346,"TermosShotig, KIEV",5814,-48,-48,980,1,0,0,-25816.23
"2023-11-12
12:38",5375****9346,"Suhofrukti, KIEV",5499,-240,-240,980,1,0,0,-25768.23
"2023-11-12
12:18",5375****9346,"TermosShotig, KIEV",5814,-48,-48,980,1,0,0,-25528.23
"2023-11-11
18:50",5375****9346,Київ Цифровий,4111,-8,-8,980,1,0,0,-25480.23
"2023-11-11
15:49",5375****9346,Київ Цифровий,4111,-8,-8,980,1,0,0,-25472.23
"2023-11-10
14:53",5375****9346,"TermosShotig, KIEV",5814,-48,-48,980,1,0,0,-25464.23
"2023-11-09
19:48",5375****9346,"Зарахування коштів за кредитом Розстрочка з
виписки",4829,32510,32510,980,1,0,0,-25416.23
"2023-11-09
19:43",5375****9346,Монобанк,6010,2300,2300,980,1,0,0,-57926.23
"2023-11-09
14:12",5375****9346,"Pitnavoda, KIEV",5499,-32.3,-32.3,980,1,0,0,-60226.23
"2023-11-09
13:11",5375****9346,"Coffeeroom, KIEV",5814,-60,-60,980,1,0,0,-60193.93
"2023-11-08
12:49",5375****9346,"Coffeeroom, KIEV",5814,-60,-60,980,1,0,0,-60133.93
"2023-11-07
13:16",5375****9346,"Coffeeroom, KIEV",5814,-60,-60,980,1,0,0,-60073.93
"2023-11-06
13:18",5375****9346,"TermosShotig, KIEV",5814,-48,-48,980,1,0,0,-60013.93
"2023-11-05
17:37",5375****9346,Київ Цифровий,4111,-8,-8,980,1,0,0,-59965.93
"2023-11-05
13:59",5375****9346,Київ Цифровий,4111,-8,-8,980,1,0,0,-59957.93
"2023-11-05
11:53",5375****9346,"TermosShotig, KIEV",5814,-48,-48,980,1,0,0,-59949.93
"2023-11-05
11:07",5375****9346,Укрзалізниця,4112,-106.85,-106.85,980,1,0,0,-59901.93
"2023-11-04
19:03",5375****9346,АТБ,5411,-27.9,-27.9,980,1,0,0,-59795.08
"2023-11-04
18:52",5375****9346,Київ Цифровий,4111,-8,-8,980,1,0,0,-59767.18
"2023-11-03
13:09",5375****9346,"Zoomagazin, KIEV",5995,-640,-640,980,1,0,0,-59759.18
"2023-11-03
11:06",5375****9346,"Coffeeroom, KIEV",5814,-55,-55,980,1,0,0,-59119.18
"2023-11-02
22:12",-,Myfundedfx,5817,-4660,-122.5,840,38.0409,0,0,-59064.18
"2023-11-02
12:27",5375****9346,"Coffeeroom, KIEV",5814,-28,-28,980,1,0,0,-54404.18
"2023-11-01
10:46",5375****9346,"KAVIARNIA, KYIV",5814,-28,-28,980,1,0,0,-54376.18
"2023-11-01
00:03",-,"Списання відсотків за використання кредитного
ліміту",4829,-1757.91,-1757.91,980,1,0,0,-54348.18
"2023-10-31
14:31",5375****9346,"Pitnavoda, KIEV",5499,-32.3,-32.3,980,1,0,0,-52590.27
"2023-10-31
14:20",5375****9346,Нова пошта,4214,-74,-74,980,1,0,0,-52557.97
"2023-10-31
14:20",5375****9346,Нова пошта,6538,-861.12,-828,980,1,33.12,0,-52483.97
"2023-10-31
14:16",5375****9346,"7026, KIEV",5411,-88.83,-88.83,980,1,0,0,-51622.85
"2023-10-29
15:49",5375****9346,Київ Цифровий,4111,-8,-8,980,1,0,0,-51534.02
"2023-10-29
15:02",5375****9346,"BIG MAMA, KYIV",5812,-105,-105,980,1,0,0,-51526.02
"2023-10-29
12:45",5375****9346,Київ Цифровий,4111,-8,-8,980,1,0,0,-51421.02
"2023-10-25
13:32",5375****9346,"Pitnavoda, KIEV",5499,-32.3,-32.3,980,1,0,0,-51413.02
"2023-10-25
12:49",5375****9346,"KAVIARNIA, KYIV",5814,-28,-28,980,1,0,0,-51380.72
"2023-10-25
12:09",5375****9346,536354****1585,4829,-707.2,-680,980,1,27.2,0,-51352.72
"2023-10-24
13:53",5375****9346,"KAVIARNIA, KYIV",5814,-55,-55,980,1,0,0,-50645.52
"2023-10-22
14:31",5375****9346,"7026, KIEV",5411,-127.07,-127.07,980,1,0,0,-50590.52
"2023-10-21
18:02",5375****9346,"PARBAR, KYIV",5812,-560,-560,980,1,0,0,-50463.45
"2023-10-21
14:44",5375****9346,"ZHYTNIY RYNOK, KYYIV",5812,-199,-199,980,1,0,0,-49903.45
"2023-10-21
13:21",5375****9346,Київ Цифровий,4111,-8,-8,980,1,0,0,-49704.45
"2023-10-21
12:51",5375****9346,"KAVIARNIA, KYIV",5814,-55,-55,980,1,0,0,-49696.45
"2023-10-20
19:26",5375****9346,OLX,6538,-204.57,-196.7,980,1,7.87,0,-49641.45
"2023-10-19
14:48",5375****9346,"KAVIARNIA, KYIV",5814,-55,-55,980,1,0,0,-49436.88
"2023-10-19
14:44",5375****9346,"Italiyskiy, KIEV",5499,-115,-115,980,1,0,0,-49381.88
"2023-10-18
13:01",5375****9346,"KAVIARNIA, KYIV",5814,-28,-28,980,1,0,0,-49266.88
"2023-10-17
15:30",5375****9346,Монобанк,6010,5000,5000,980,1,0,0,-49238.88
"2023-10-17
15:16",5375****9346,"Pitnavoda, KIEV",5499,-32.3,-32.3,980,1,0,0,-54238.88
"2023-10-17
14:37",5375****9346,"KAVIARNIA, KYIV",5814,-28,-28,980,1,0,0,-54206.58
"2023-10-16
16:22",5375****9346,537541****7507,4829,-416,-400,980,1,16,0,-54178.58
"2023-10-16
12:22",5375****9346,"KAVIARNIA, KYIV",5814,-55,-55,980,1,0,0,-53762.58
"2023-10-14
16:14",5375****9346,"BIG MAMA, KYIV",5812,-70,-70,980,1,0,0,-53707.58
"2023-10-14
11:41",5375****9346,"Zootovari, KIEV",5995,-216,-216,980,1,0,0,-53637.58
"2023-10-14
11:37",5375****9346,"BONUS B-44, KYIV",5131,-155.7,-155.7,980,1,0,0,-53421.58
"2023-10-14
11:24",5375****9346,"Miasnii magazin Miasni, KIEV",5499,-222.6,-222.6,980,1,0,0,-53265.88
"2023-10-13
12:40",5375****9346,"KAVIARNIA, KYIV",5814,-28,-28,980,1,0,0,-53043.28
"2023-10-13
09:38",5375****9346,Монобанк,6538,-728,-700,980,1,28,0,-53015.28
"2023-10-12
13:06",5375****9346,"KAVIARNIA, KYIV",5814,-55,-55,980,1,0,0,-52287.28
"2023-10-11
12:47",5375****9346,"Fruktitaovochi, KIEV",5499,-107,-107,980,1,0,0,-52232.28
"2023-10-11
08:25",5375****9346,537541****7507,4829,-624,-600,980,1,24,0,-52125.28
"2023-10-10
15:13",5375****9346,414939****2652,4829,-20.8,-20,980,1,0.8,0,-51501.28
"2023-10-10
13:06",5375****9346,"Zootovari, KIEV",5995,-200,-200,980,1,0,0,-51480.48
"2023-10-10
12:29",5375****9346,"KAVIARNIA, KYIV",5814,-28,-28,980,1,0,0,-51280.48
"2023-10-09
17:42",5375****9346,Київ Цифровий,4111,-8,-8,980,1,0,0,-51252.48
"2023-10-09
17:00",5375****9346,"BIG MAMA, KYIV",5812,-80,-80,980,1,0,0,-51244.48
"2023-10-09
16:12",5375****9346,Київ Цифровий,4111,-8,-8,980,1,0,0,-51164.48
"2023-10-09
15:44",5375****9346,"KAVIARNIA, KYIV",5814,-28,-28,980,1,0,0,-51156.48
"2023-10-08
20:04",5375****9346,"7026, KIEV",5411,-69.1,-69.1,980,1,0,0,-51128.48
"2023-10-08
12:04",5375****9346,"TermosShotig, KIEV",5814,-28,-28,980,1,0,0,-51059.38
"2023-10-08
11:04",5375****9346,"BIG MAMA, KYIV",5812,-70,-70,980,1,0,0,-51031.38
"2023-10-08
10:33",5375****9346,Київ Цифровий,4111,-8,-8,980,1,0,0,-50961.38
"2023-10-08
09:53",5375****9346,"Apteka optovikh tsn, KIEV",5912,-35,-35,980,1,0,0,-50953.38
"2023-10-08
09:41",5375****9346,"KAVIARNIA, KYIV",5814,-55,-55,980,1,0,0,-50918.38
"2023-10-07
12:03",5375****9346,"Pitnavoda, KIEV",5499,-32.3,-32.3,980,1,0,0,-50863.38
"2023-10-07
11:38",5375****9346,Київ Цифровий,4111,-8,-8,980,1,0,0,-50831.08
"2023-10-07
11:25",5375****9346,"Parovamashina, KIEV",5814,-55,-55,980,1,0,0,-50823.08
"2023-10-07
11:00",5375****9346,Київ Цифровий,4111,-8,-8,980,1,0,0,-50768.08
"2023-10-06
14:18",5375****9346,"KAVIARNIA, KYIV",5814,-55,-55,980,1,0,0,-50760.08
"2023-10-05
21:56",5375****9346,"Suhofrukti, KIEV",5499,-81,-81,980,1,0,0,-50705.08
"2023-10-05
15:15",5375****9346,"FruktitaOvochi, KIEV",5499,-95.03,-95.03,980,1,0,0,-50624.08
"2023-10-05
14:38",5375****9346,"KAVIARNIA, KYIV",5814,-55,-55,980,1,0,0,-50529.05
"2023-10-04
13:35",5375****9346,Нова пошта,4214,-53,-53,980,1,0,0,-50474.05
"2023-10-04
09:40",5375****9346,"Kaviarnia VJ KAVA, KIEV",5814,-24,-24,980,1,0,0,-50421.05
"2023-10-03
15:29",5375****9346,ОВРУЧ АЛЬТЕР ЕНЕРГО,4900,-644.64,-632,980,1,12.64,0,-50397.05
"2023-10-03
14:27",5375****9346,"KYYIV KHLIB, KYYIV",5499,-32,-32,980,1,0,0,-49752.41
"2023-10-03
14:22",5375****9346,"Dia, KIEV",5814,-42,-42,980,1,0,0,-49720.41
"2023-10-03
09:39",5375****9346,"Kaviarnia VJ KAVA, KIEV",5814,-50,-50,980,1,0,0,-49678.41
"2023-10-02
20:40",5375****9346,"Suhofrukti, KIEV",5499,-91,-91,980,1,0,0,-49628.41
"2023-10-02
14:52",5375****9346,511695****9464,4829,-624,-600,980,1,24,0,-49537.41
"2023-10-02
14:30",5375****9346,"Miasnii magazin Miasni, KIEV",5499,-166.79,-166.79,980,1,0,0,-48913.41
"2023-10-02
14:08",5375****9346,"TermosShotig, KIEV",5814,-38,-38,980,1,0,0,-48746.62
"2023-10-02
08:37",5375****9346,"Kaviarnia VJ KAVA, KIEV",5814,-24,-24,980,1,0,0,-48708.62
"2023-10-01
19:43",5375****9346,"Suhofrukti, KIEV",5499,-105,-105,980,1,0,0,-48684.62
"2023-10-01
13:25",5375****9346,"BONUS B-44, KYIV",5131,-35,-35,980,1,0,0,-48579.62
"2023-10-01
13:13",5375****9346,Київ Цифровий,4111,-8,-8,980,1,0,0,-48544.62
"2023-10-01
12:37",5375****9346,"BIG MAMA, KYIV",5812,-70,-70,980,1,0,0,-48536.62
"2023-10-01
10:48",5375****9346,Київ Цифровий,4111,-8,-8,980,1,0,0,-48466.62
"2023-10-01
10:13",5375****9346,"KAVIARNIA, KYIV",5814,-55,-55,980,1,0,0,-48458.62
"2023-10-01
09:56",5375****9346,414949****9841,4829,-728,-700,980,1,28,0,-48403.62
"2023-10-01
09:51",5375****9346,537541****7507,4829,-3952,-3800,980,1,152,0,-47675.62
"2023-10-01
00:03",-,"Списання відсотків за використання кредитного
ліміту",4829,-1013.91,-1013.91,980,1,0,0,-43723.62
"2023-09-30
17:23",5375****9346,"FruktitaOvochi, KIEV",5499,-101.32,-101.32,980,1,0,0.71,-42709.71
"2023-09-30
17:02",5375****9346,Київ Цифровий,4111,-8,-8,980,1,0,0,-42608.39
"2023-09-30
14:08",5375****9346,"CENTRAL SHOP, KYIV",5411,-20,-20,980,1,0,0.14,-42600.39
"2023-09-30
12:06",5375****9346,"CENTRAL SHOP, KYIV",5411,-66,-66,980,1,0,0.46,-42580.39
"2023-09-30
10:35",5375****9346,"KAVIARNIA, KYIV",5814,-55,-55,980,1,0,0,-42514.39
"2023-09-29
19:21",5375****9346,"DonerKebab, KIEV",5814,-80,-80,980,1,0,0,-42459.39
"2023-09-29
14:04",5375****9346,"KAVIARNIA, KYIV",5814,-55,-55,980,1,0,0,-42379.39
"2023-09-29
09:31",5375****9346,"Kaviarnia VJ KAVA, KIEV",5814,-24,-24,980,1,0,0,-42324.39
"2023-09-28
18:44",5375****9346,"Suhofrukti, KIEV",5499,-100,-100,980,1,0,0.7,-42300.39
"2023-09-28
14:27",5375****9346,"KAVIARNIA, KYIV",5814,-38,-38,980,1,0,0,-42200.39
"2023-09-28
08:45",5375****9346,"Kaviarnia VJ KAVA, KIEV",5814,-24,-24,980,1,0,0,-42162.39
"2023-09-27
19:13",5375****9346,"Suhofrukti, KIEV",5499,-61.8,-61.8,980,1,0,0.43,-42138.39
"2023-09-27
13:35",5375****9346,"Kaviarnia VJ KAVA, KIEV",5814,-50,-50,980,1,0,0,-42076.59
"2023-09-27
08:41",5375****9346,"Kaviarnia VJ KAVA, KIEV",5814,-24,-24,980,1,0,0,-42026.59
"2023-09-26
18:45",5375****9346,"OLIVKA, KYIV",5411,-65,-65,980,1,0,0.46,-42002.59
"2023-09-26
14:13",5375****9346,"FruktitaOvochi, KIEV",5499,-190,-190,980,1,0,1.33,-41937.59
"2023-09-26
13:20",5375****9346,"KAVIARNIA, KYIV",5814,-38,-38,980,1,0,0,-41747.59
"2023-09-25
19:33",5375****9346,Укрзалізниця,4112,-206.69,-206.69,980,1,0,0,-41709.59
"2023-09-25
15:19",5375****9346,536354****1585,4829,-653.12,-628,980,1,25.12,0,-41502.9
"2023-09-25
12:12",5375****9346,"KAVIARNIA, KYIV",5814,-55,-55,980,1,0,0,-40849.78
"2023-09-24
16:36",5375****9346,Зняття готівки в банкоматі,6011,-5200,-5000,980,1,200,0,-40794.78
"2023-09-24
16:22",5375****9346,Київ Цифровий,4111,-8,-8,980,1,0,0,-35594.78
"2023-09-24
15:54",5375****9346,"Parovamashina, KIEV",5814,-20,-20,980,1,0,0,-35586.78
"2023-09-24
12:28",5375****9346,Київ Цифровий,4111,-8,-8,980,1,0,0,-35566.78
"2023-09-24
12:07",5375****9346,"KAVIARNIA, KYIV",5814,-55,-55,980,1,0,0,-35558.78
"2023-09-23
17:50",5375****9346,"Pitnavoda, KIEV",5499,-32.3,-32.3,980,1,0,0.23,-35503.78
"2023-09-23
17:15",5375****9346,Київ Цифровий,4111,-8,-8,980,1,0,0,-35471.48
"2023-09-23
16:03",5375****9346,536354****7430,4829,-520,-500,980,1,20,0,-35463.48
"2023-09-23
14:23",5375****9346,Uklon,4121,-120,-120,980,1,0,0,-34943.48
"2023-09-23
14:22",5375****9346,"KAVIARNIA, KYIV",5814,-55,-55,980,1,0,0,-34823.48
"2023-09-22
13:12",5375****9346,"KAVIARNIA, KYIV",5814,-28,-28,980,1,0,0,-34768.48
"2023-09-22
12:59",5375****9346,"APTEKA 10, KYYIV",5912,-367.4,-367.4,980,1,0,0,-34740.48
"2023-09-22
11:25",5375****9346,Зі своєї картки,6538,-1047.28,-1007,980,1,40.28,0,-34373.08
"2023-09-21
21:48",5375****9346,Uklon,4121,-26,-26,980,1,0,0,-33325.8
"2023-09-21
21:27",5375****9346,Uklon,4121,-134,-134,980,1,0,0,-33299.8
"2023-09-21
20:26",5375****9346,Скасування. Uklon,4121,124,124,980,1,0,0,-33165.8
"2023-09-21
20:23",5375****9346,Uklon,4121,-124,-124,980,1,0,0,-33289.8
"2023-09-21
20:21",5375****9346,"Vetgeneration1, KIEV",742,-8850,-8850,980,1,0,88.5,-33165.8
"2023-09-21
19:18",5375****9346,"Dia, KIEV",5814,-50,-50,980,1,0,0,-24315.8
"2023-09-21
14:42",5375****9346,"Suhofrukti, KIEV",5499,-108,-108,980,1,0,0.76,-24265.8
"2023-09-21
14:33",5375****9346,"PHastPHud, KIEV",5814,-80,-80,980,1,0,0,-24157.8
"2023-09-21
14:30",5375****9346,"Kaviarnia VJ KAVA, KIEV",5814,-24,-24,980,1,0,0,-24077.8
"2023-09-21
08:44",5375****9346,"Kaviarnia VJ KAVA, KIEV",5814,-24,-24,980,1,0,0,-24053.8
"2023-09-20
17:09",5375****9346,Uklon,4121,-170,-170,980,1,0,0,-24029.8
"2023-09-20
17:08",5375****9346,Скасування. Uklon,4121,150,150,980,1,0,0,-23859.8
"2023-09-20
17:06",5375****9346,Uklon,4121,-150,-150,980,1,0,0,-24009.8
"2023-09-20
17:00",5375****9346,"Kaviarnia VJ KAVA, KIEV",5814,-50,-50,980,1,0,0,-23859.8
"2023-09-20
12:43",5375****9346,"KAVIARNIA, KYIV",5814,-55,-55,980,1,0,0,-23809.8
"2023-09-19
18:41",5375****9346,"FruktitaOvochi, KIEV",5499,-65,-65,980,1,0,0.46,-23754.8
"2023-09-18
18:30",5375****9346,АТБ,5411,-52.9,-52.9,980,1,0,0.37,-23689.8
"2023-09-18
13:32",5375****9346,"Kaviarnia VJ KAVA, KIEV",5814,-44,-44,980,1,0,0,-23636.9
"2023-09-17
23:59",-,"Скасування.
FDY*INFORMATION,14.14.KRUGLOUNIVERSYTE
A",,1,1,980,1,0,0,-23592.9
"2023-09-17
16:53",5375****9346,Київ Цифровий,4111,-8,-8,980,1,0,0,-23593.9
"2023-09-17
16:10",5375****9346,"Parovamashina, KIEV",5814,-30,-30,980,1,0,0,-23585.9
"2023-09-17
12:56",5375****9346,"Скасування. CENTRAL SHOP, KYIV",5411,56,56,980,1,0,-0.39,-23555.9
"2023-09-17
12:49",5375****9346,"CENTRAL SHOP, KYIV",5411,-56,-56,980,1,0,0.39,-23611.9
"2023-09-17
11:51",5375****9346,Київ Цифровий,4111,-8,-8,980,1,0,0,-23555.9
"2023-09-17
11:08",5375****9346,"KAVIARNIA, KYIV",5814,-55,-55,980,1,0,0,-23547.9
"2023-09-16
16:46",5375****9346,"Miasnii magazin Miasni, KIEV",5499,-157.3,-157.3,980,1,0,1.1,-23492.9
"2023-09-16
16:42",5375****9346,"BONUS B-44, KYIV",5131,-171.2,-171.2,980,1,0,0,-23335.6
"2023-09-16
16:39",5375****9346,"Pitnavoda, KIEV",5499,-32.3,-32.3,980,1,0,0.23,-23164.4
"2023-09-16
15:05",5375****9346,"Parovamashina, KIEV",5814,-30,-30,980,1,0,0,-23132.1
"2023-09-16
14:41",5375****9346,"Kafe Iaroslava, vul.Iaroslaviv Val, b.13",5812,-54,-54,980,1,0,0,-23102.1
"2023-09-16
11:50",5375****9346,"Suhofrukti, KIEV",5499,-110,-110,980,1,0,0.77,-23048.1
"2023-09-16
11:45",5375****9346,"KAVIARNIA, KYIV",5814,-55,-55,980,1,0,0,-22938.1
"2023-09-15
15:35",5375****9346,Монобанк,6010,5000,5000,980,1,0,0,-22883.1
"2023-09-15
14:43",5375****9346,"KAVIARNIA, KYIV",5814,-38,-38,980,1,0,0,-27883.1
"2023-09-15
11:26",5375****9346,"Zoomagazin, KIEV",5995,-515,-515,980,1,0,5.15,-27845.1
"2023-09-14
15:46",5375****9346,"Vetgeneration1, KIEV",742,-6000,-6000,980,1,0,60,-27330.1
"2023-09-14
13:47",5375****9346,УкрСиббанк,6536,400,400,980,1,0,0,-21330.1
"2023-09-14
12:08",5375****9346,Uklon,4121,-23,-23,980,1,0,0,-21730.1
"2023-09-14
11:47",-,Uklon,4121,-116,-116,980,1,0,0,-21707.1
"2023-09-14
11:46",5375****9346,"FDY*information, KYIV",7375,-1,-1,980,1,0,0,-21591.1
"2023-09-14
11:39",5375****9346,"Kaviarnia VJ KAVA, KIEV",5814,-50,-50,980,1,0,0,-21590.1
"2023-09-13
13:01",5375****9346,"KAVIARNIA, KYIV",5814,-66,-66,980,1,0,0,-21540.1
"2023-09-12
19:05",5375****9346,"Suhofrukti, KIEV",5499,-69,-69,980,1,0,0.48,-21474.1
"2023-09-12
16:05",5375****9346,"FruktitaOvochi, KIEV",5499,-163,-163,980,1,0,1.14,-21405.1
"2023-09-12
16:02",5375****9346,"Kaviarnia VJ KAVA, KIEV",5814,-24,-24,980,1,0,0,-21242.1
"2023-09-11
19:06",5375****9346,"FruktitaOvochi, KIEV",5499,-80,-80,980,1,0,0.56,-21218.1
"2023-09-11
14:00",5375****9346,"KAVIARNIA, KYIV",5814,-38,-38,980,1,0,0,-21138.1
"2023-09-10
17:42",5375****9346,"FruktitaOvochi, KIEV",5499,-155,-155,980,1,0,1.09,-21100.1
"2023-09-10
17:31",5375****9346,Київ Цифровий,4111,-8,-8,980,1,0,0,-20945.1
"2023-09-10
12:46",5375****9346,"CENTRAL SHOP, KYIV",5411,-84,-84,980,1,0,0.59,-20937.1
"2023-09-10
12:15",5375****9346,"Parovamashina, KIEV",5814,-40,-40,980,1,0,0,-20853.1
"2023-09-10
11:51",5375****9346,Київ Цифровий,4111,-8,-8,980,1,0,0,-20813.1
"2023-09-10
11:05",5375****9346,"KAVIARNIA, KYIV",5814,-55,-55,980,1,0,0,-20805.1
"2023-09-09
17:18",5375****9346,EVA,5977,-132.99,-132.99,980,1,0,0,-20750.1
"2023-09-09
17:10",5375****9346,Київ Цифровий,4111,-8,-8,980,1,0,0,-20617.11
"2023-09-09
16:33",5375****9346,"lazzat, KIEV",5814,-100,-100,980,1,0,0,-20609.11
"2023-09-09
16:27",5375****9346,"lazzat, KIEV",5814,-100,-100,980,1,0,0,-20509.11
"2023-09-09
15:27",5375****9346,Київ Цифровий,4111,-8,-8,980,1,0,0,-20409.11
"2023-09-09
13:55",5375****9346,536354****7430,4829,-520,-500,980,1,20,0,-20401.11
"2023-09-09
13:54",5375****9346,"Повернення комісії за неуспішний переказ на
картку 51*9500",4829,20,20,980,1,0,0,-19881.11
"2023-09-09
13:53",5375****9346,"Повернення неуспішного переказу на картку
іншого банку 51*9500",4829,500,500,980,1,0,0,-19901.11
"2023-09-09
13:53",5375****9346,516933****9500,4829,-500,-500,980,1,0,0,-20401.11
"2023-09-09
13:11",5375****9346,"SLPO, KIYEV",5411,-72.99,-72.99,980,1,0,0.51,-19901.11
"2023-09-09
12:45",5375****9346,Київ Цифровий,4111,-8,-8,980,1,0,0,-19828.12
"2023-09-09
12:06",5375****9346,"KAVIARNIA, KYIV",5814,-55,-55,980,1,0,0,-19820.12
"2023-09-08
12:39",5375****9346,Львівські круасани,5814,-37,-37,980,1,0,0,-19765.12
"2023-09-08
12:04",5375****9346,"TOV MKHP-RITEIL, M.KYIV",5411,-90,-90,980,1,0,0.63,-19728.12
"2023-09-08
10:53",5375****9346,"Kaviarnia VJ KAVA, KIEV",5814,-50,-50,980,1,0,0,-19638.12
"2023-09-08
10:44",5375****9346,414949****9841,4829,-1456,-1400,980,1,56,0,-19588.12
"2023-09-07
13:48",5375****9346,"DonerKebab, KIEV",5814,-80,-80,980,1,0,0,-18132.12
"2023-09-06
18:38",5375****9346,"Miasnii magazin Miasni, KIEV",5499,-143.68,-143.68,980,1,0,1.01,-18052.12
"2023-09-04
15:17",5375****9346,"Suhofrukti, KIEV",5499,-270,-270,980,1,0,1.89,-17908.44
"2023-09-04
13:08",5375****9346,"Pitnavoda, KIEV",5499,-32.3,-32.3,980,1,0,0.23,-17638.44
"2023-09-04
12:27",5375****9346,"KAVIARNIA, KYIV",5814,-38,-38,980,1,0,0,-17606.14
"2023-09-03
23:59",-,"Скасування. uz gov ua mobile payme,03150, m.
Kyiv, v",,204.78,204.78,980,1,0,0,-17568.14
"2023-09-03
23:59",-,"Скасування. uz gov ua mobile payme,03150, m.
Kyiv, v",,81.92,81.92,980,1,0,0,-17772.92
"2023-09-03
17:34",5375****9346,"Kipish, KIEV",5814,-110,-110,980,1,0,0,-17854.84
"2023-09-03
15:43",5375****9346,"Kaviarnia VJ KAVA, KIEV",5814,-50,-50,980,1,0,0,-17744.84
"2023-09-02
19:53",5375****9346,Фора,5411,-22.9,-22.9,980,1,0,0.16,-17694.84
"2023-09-02
18:16",5375****9346,"BIG MAMA, KYIV",5812,-105,-105,980,1,0,0,-17671.94
"2023-09-02
15:46",5375****9346,"Kaviarnia VJ KAVA, KIEV",5814,-50,-50,980,1,0,0,-17566.94
"2023-09-02
13:10",5375****9346,"BONUS B-44, KYIV",5131,-38.1,-38.1,980,1,0,0,-17516.94
"2023-09-02
12:27",5375****9346,"Suhofrukti, KIEV",5499,-215,-215,980,1,0,1.51,-17478.84
"2023-09-02
12:25",5375****9346,"Miasnii magazin Miasni, KIEV",5499,-53.94,-53.94,980,1,0,0.38,-17263.84
"2023-09-02
12:11",5375****9346,"KAVIARNIA, KYIV",5814,-55,-55,980,1,0,0,-17209.9
"2023-09-01
19:29",5375****9346,"OTSMarket, KIEV",5499,-40.5,-40.5,980,1,0,0,-17154.9
"2023-09-01
09:40",5375****9346,537541****7507,4829,-3640,-3500,980,1,140,0,-17114.4
"2023-08-29
18:50",5375****9346,"OTSMarket, KIEV",5499,-40.5,-40.5,980,1,0,0,-13474.4
"2023-08-29
13:02",5375****9346,Нова пошта,4214,-193,-193,980,1,0,0,-13433.9
"2023-08-29
13:01",5375****9346,Нова пошта,6538,-405.6,-390,980,1,15.6,0,-13240.9
"2023-08-29
12:18",5375****9346,"KAVIARNIA, KYIV",5814,-55,-55,980,1,0,0,-12835.3
"2023-08-29
10:28",5375****9346,ОВРУЧ АЛЬТЕР ЕНЕРГО,4900,-538.56,-528,980,1,10.56,0,-12780.3
"2023-08-29
09:34",5375****9346,"Kaviarnia VJ KAVA, KIEV",5814,-24,-24,980,1,0,0,-12241.74
"2023-08-28
19:28",5375****9346,"Suhofrukti, KIEV",5499,-190.48,-190.48,980,1,0,0,-12217.74
"2023-08-28
15:24",5375****9346,"Повернення комісії за неуспішний переказ на
картку 51*9500",4829,21.12,21.12,980,1,0,0,-12027.26
"2023-08-28
15:24",5375****9346,"Повернення неуспішного переказу на картку
іншого банку 51*9500",4829,528,528,980,1,0,0,-12048.38
"2023-08-28
15:24",5375****9346,516933****9500,4829,-528,-528,980,1,0,0,-12576.38
"2023-08-28
13:44",5375****9346,Prom.ua,6538,-291.2,-280,980,1,11.2,0,-12048.38
"2023-08-28
13:04",5375****9346,"KAVIARNIA, KYIV",5814,-38,-38,980,1,0,0,-11757.18
"2023-08-28
08:43",5375****9346,"Kaviarnia VJ KAVA, KIEV",5814,-24,-24,980,1,0,0,-11719.18
"2023-08-27
15:55",5375****9346,Київ Цифровий,4111,-8,-8,980,1,0,0,-11695.18
"2023-08-27
15:35",5375****9346,McDonald’s,5814,-38,-38,980,1,0,0,-11687.18
"2023-08-27
12:22",5375****9346,Київ Цифровий,4111,-8,-8,980,1,0,0,-11649.18
"2023-08-27
12:20",5375****9346,"CENTRAL SHOP, KYIV",5411,-20,-20,980,1,0,0,-11641.18
"2023-08-27
11:34",5375****9346,"Kipish, KIEV",5814,-110,-110,980,1,0,0,-11621.18
"2023-08-27
10:54",5375****9346,"KAVIARNIA, KYIV",5814,-55,-55,980,1,0,0,-11511.18
"2023-08-27
10:14",5375****9346,Укрзалізниця,4112,-317.42,-317.42,980,1,0,0,-11456.18
"2023-08-27
10:00",5375****9346,Укрзалізниця,4112,-276.9,-276.9,980,1,0,0,-11138.76
"2023-08-26
20:47",5375****9346,"Suhofrukti, KIEV",5499,-190,-190,980,1,0,0,-10861.86
"2023-08-26
16:39",5375****9346,Київ Цифровий,4111,-8,-8,980,1,0,0,-10671.86
"2023-08-26
16:12",5375****9346,"BIG MAMA, KYIV",5812,-70,-70,980,1,0,0,-10663.86
"2023-08-26
15:03",5375****9346,536354****7430,4829,-520,-500,980,1,20,0,-10593.86
"2023-08-26
13:03",5375****9346,"KAVIARNIA, KYIV",5814,-55,-55,980,1,0,0,-10073.86
"2023-08-26
12:35",5375****9346,"Pitnavoda, KIEV",5499,-32.3,-32.3,980,1,0,0,-10018.86
"2023-08-26
12:34",5375****9346,"Скасування. Pitnavoda, KIEV",5499,32.3,32.3,980,1,0,0,-9986.56
"2023-08-26
12:34",5375****9346,"Pitnavoda, KIEV",5499,-32.3,-32.3,980,1,0,0,-10018.86
"2023-08-26
12:34",5375****9346,"Скасування. Pitnavoda, KIEV",5499,32.3,32.3,980,1,0,0,-9986.56
"2023-08-26
12:34",5375****9346,"Pitnavoda, KIEV",5499,-32.3,-32.3,980,1,0,0,-10018.86
"2023-08-25
14:01",5375****9346,"KAVIARNIA, KYIV",5814,-38,-38,980,1,0,0,-9986.56
"2023-08-25
08:54",5375****9346,"Kaviarnia VJ KAVA, KIEV",5814,-24,-24,980,1,0,0,-9948.56
"2023-08-25
08:52",5375****9346,Зі своєї картки,6538,-1570.92,-1510.5,980,1,60.42,0,-9924.56
"2023-08-25
08:43",5375****9346,537541****7507,4829,-8319.71,-8000,980,1,319.71,0,-8353.64
"2023-08-21
15:02",5375****9346,"KAVIARNIA, KYIV",5814,-28,-28,980,1,0,0,-33.93
"2023-08-21
08:19",5375****9346,"Kaviarnia VJ KAVA, KIEV",5814,-24,-24,980,1,0,0,-5.93
"2023-08-20
18:25",5375****9346,Київ Цифровий,4111,-8,-8,980,1,0,0,18.07
"2023-08-19
19:14",5375****9346,Київ Цифровий,4111,-8,-8,980,1,0,0,26.07
"2023-08-19
12:46",5375****9346,Київ Цифровий,4111,-8,-8,980,1,0,0,34.07
"2023-08-18
14:24",5375****9346,"KAVIARNIA, KYIV",5814,-28,-28,980,1,0,0,42.07
"2023-08-18
11:05",-,City24,6010,100,100,980,1,0,0,70.07
"2023-08-10
15:07",5375****9346,"Coffeeforrest, KIEV",5814,-23,-23,980,1,0,0,-29.93
"2023-08-10
12:35",5375****9346,"Suhofrukti, KIEV",5499,-38,-38,980,1,0,0,-6.93
"2023-07-10
11:46",5375****9346,ПриватБанк,6536,1300,1300,980,1,0,0,31.07
"2023-06-28
14:54",5375****9346,537541****7507,4829,-1547.22,-1500,980,1,47.22,0,-1268.93
"2022-10-17
11:16",5375****9346,"AZS 09-1, GLYB-KA S-R",5541,-65,-65,980,1,0,0,278.29
"2022-10-16
20:20",5375****9346,АТБ,5411,-25.3,-25.3,980,1,0,0,343.29
"2022-10-15
20:09",5375****9346,"GROSH EXPRESS 16, VINNYTSYA",5411,-57.8,-57.8,980,1,0,0,368.59
"2022-10-15
17:43",5375****9346,"AZS 09-3, GLYB-KA S-R",5541,-17.5,-17.5,980,1,0,0,426.39
"2022-10-14
15:02",5375****9346,"KAVAVERIIA, m. Kyiv",5814,-37,-37,980,1,0,0,443.89
"2022-10-14
08:07",5375****9346,"Kaviarnia VJ KAVA, KIEV",5814,-45,-45,980,1,0,0,480.89
"2022-10-07
11:26",5375****9346,Зняття готівки в банкоматі,6011,-2522.5,-2500,980,1,22.5,0,525.89
"2022-10-01
00:03",-,"Списання відсотків за використання кредитного
ліміту",4829,-381.25,-381.25,980,1,0,0,3048.39
"2022-09-13
12:48",5375****9346,Поповнення карти у терміналі I-Box,6010,5000,5000,980,1,0,0,3429.64
"2022-09-13
12:47",5375****9346,Поповнення карти у терміналі I-Box,6010,5000,5000,980,1,0,0,-1570.36
"2022-09-13
12:46",5375****9346,Поповнення карти у терміналі I-Box,6010,5000,5000,980,1,0,0,-6570.36
"2022-09-13
12:45",5375****9346,Поповнення карти у терміналі I-Box,6010,5000,5000,980,1,0,0,-11570.36
"2022-09-13
12:29",5375****9346,Поповнення карти у терміналі I-Box,6010,5000,5000,980,1,0,0,-16570.36
"2022-09-13
12:28",5375****9346,Поповнення карти у терміналі I-Box,6010,5000,5000,980,1,0,0,-21570.36
"2022-09-13
12:26",5375****9346,Поповнення карти у терміналі I-Box,6010,5000,5000,980,1,0,0,-26570.36
"2022-09-13
12:25",5375****9346,Поповнення карти у терміналі I-Box,6010,5000,5000,980,1,0,0,-31570.36
"2022-09-01
00:03",-,"Списання відсотків за використання кредитного
ліміту",4829,-984.87,-984.87,980,1,0,0,-36570.36
"2022-08-22
13:21",5375****9346,Поповнення карти у терміналі I-Box,6010,200,200,980,1,0,0,-35585.49
"2022-08-01
00:03",-,"Списання відсотків за використання кредитного
ліміту",4829,-984.89,-984.89,980,1,0,0,-35785.49
"2022-07-01
00:03",-,"Списання відсотків за використання кредитного
ліміту",4829,-953.12,-953.12,980,1,0,0,-34800.6
"2022-06-01
00:03",-,"Списання відсотків за використання кредитного
ліміту",4829,-984.92,-984.92,980,1,0,0,-33847.48
"2022-05-01
00:03",-,"Списання відсотків за використання кредитного
ліміту",4829,-953.11,-953.11,980,1,0,0,-32862.56
"2022-04-01
00:03",-,"Списання відсотків за використання кредитного
ліміту",4829,-984.88,-984.88,980,1,0,0,-31909.45
"2022-03-01
00:03",-,"Списання відсотків за використання кредитного
ліміту",4829,-889.58,-889.58,980,1,0,0,-30924.57
"2022-02-01
18:52",*346,Sportbank,6536,100,100,980,1,0,0,-30034.99
"2022-02-01
00:03",-,"Списання відсотків за використання кредитного
ліміту",4829,-1671.58,-1671.58,980,1,0,0,-30134.99
"2022-01-31
12:05",*346,Sportbank,6536,1500,1500,980,1,0,0,-28463.41
"2021-12-25
15:13",*346,"SUNRISE*AUTOENTER_GP, KHARKIV",7523,-822.63,-822.63,980,1,0,0,-29963.41
"2021-12-25
14:34",*346,"PARADISE, KYIV",5812,-80,-80,980,1,0,0,-29140.78
"2021-12-24
20:00",*346,"LIQPAY*Filiya GIOC AT, DN-SK",4112,-297.97,-297.97,980,1,0,0,-29060.78
"2021-12-24
19:51",*346,"Hlibniy HL5, KIYEV",5814,-85,-85,980,1,0,0,-28762.81
"2021-12-24
17:29",*346,"LIQPAY*TOV MONOLYT 17, DNIPRO",5541,-100,-100,980,1,0,0,-28677.81
"2021-12-24
17:27",*346,Сільпо,5411,-72.53,-72.53,980,1,0,0,-28577.81
"2021-12-24
08:32",*346,"SUNRISE*AUTOENTER_GP, KHARKIV",7523,-1028.28,-1028.28,980,1,0,0,-28505.28
"2021-12-24
06:47",*346,"FINEX TRZ_UTILITIES, KYIV",4900,-300,-300,980,1,0,0,-27477
"2021-12-23
21:04",*346,"FOP AVDIEIEVA VALERIIA, KIYV",7523,-30,-30,980,1,0,0,-27177
"2021-12-23
20:55",*346,"3000850, KIEV",5411,-43.29,-43.29,980,1,0,0,-27147
"2021-12-23
20:43",*346,Нова пошта,4214,-46,-46,980,1,0,0,-27103.71
"2021-12-23
20:43",*346,Нова пошта,6538,-323.44,-311,980,1,12.44,0,-27057.71
"2021-12-23
20:33",*346,"VARENiChNAIa KATIuShA, KIEV",5814,-70,-70,980,1,0,0,-26734.27
"2021-12-23
12:39",*346,McDonald’s,5814,-44,-44,980,1,0,0,-26664.27
"2021-12-22
19:29",*346,Glusco,5541,-63.5,-63.5,980,1,0,0,-26620.27
"2021-12-22
17:30",*346,Portmone,5533,-806,-806,980,1,0,0,-26556.77
"2021-12-22
16:05",*346,"Restoran, KIEV",5814,-108,-108,980,1,0,0,-25750.77
"2021-12-22
13:28",*346,"KavjarnjaTwinsCoffeeRo, KIEV",5814,-20,-20,980,1,0,0,-25642.77
"2021-12-22
13:07",*346,"SUNRISE*AUTOENTER_GP, KHARKIV",7523,-1028.28,-1028.28,980,1,0,0,-25622.77
"2021-12-22
11:36",*346,"BIG MAMA, KYYIV",5812,-80,-80,980,1,0,0,-24594.49
"2021-12-22
11:29",*346,"Besarabika, KIEV",5814,-35,-35,980,1,0,0,-24514.49
"2021-12-21
23:28",*346,"MOYCAR, KIEV",7542,-60,-60,980,1,0,0,-24479.49
"2021-12-21
23:16",*346,"MOYCAR, KIEV",7542,-90,-90,980,1,0,0,-24419.49
"2021-12-21
20:56",*346,McDonald’s,5814,-47,-47,980,1,0,0,-24329.49
"2021-12-21
20:08",*346,"PHORA, GORA",5499,-19.69,-19.69,980,1,0,0,-24282.49
"2021-12-21
17:59",*346,Glusco,5541,-86.5,-86.5,980,1,0,0,-24262.8
"2021-12-21
15:35",*346,"LIQPAY*TOV MONOLYT 17, DNIPRO",5541,-100,-100,980,1,0,0,-24176.3
"2021-12-21
15:06",*346,"Takeit, KIYEV",5814,-51,-51,980,1,0,0,-24076.3
"2021-12-21
14:42",*346,"SALATEJRA VASYLKIVSKA, KYIV",5814,-119,-119,980,1,0,0,-24025.3
"2021-12-20
20:47",*346,Aroma Kava,5814,-45,-45,980,1,0,0,-23906.3
"2021-12-20
14:56",*346,"eBay O*16-08032-81432, San Jose",5311,-2627.25,-95.96,840,27.3786,0,0,-23861.3
"2021-12-20
14:55",*346,Скасування. PayPal,5311,1,1,980,1,0,0,-21234.05
"2021-12-20
14:55",*346,PayPal,5311,-1,-1,980,1,0,0,-21235.05
"2021-12-20
14:55",-,Скасування. PayPal,5999,27.47,1,840,1,0,0,-21234.05
"2021-12-20
14:55",-,PayPal,5999,-27.47,-1,840,27.47,0,0,-21261.52
"2021-12-20
14:50",*346,"SALATEJRA VASYLKIVSKA, KYIV",5814,-156,-156,980,1,0,0,-21234.05
"2021-12-20
14:49",*346,"SUNRISE*AUTOENTER_GP, KHARKIV",7523,-1028.28,-1028.28,980,1,0,0,-21078.05
"2021-12-20
09:54",*346,"KAVA Z SOBOIu, VINNITSA",5499,-35,-35,980,1,0,0,-20049.77
"2021-12-19
20:27",*346,"LIQPAY*Filiya GIOC AT, DN-SK",4112,-275.81,-275.81,980,1,0,0,-20014.77
"2021-12-19
19:01",*346,Сільпо,5411,-26.38,-26.38,980,1,0,0,-19738.96
"2021-12-19
02:00",*346,"LIQPAY*Filiya GIOC AT, DN-SK",4112,-247.52,-247.52,980,1,0,0,-19712.58
"2021-12-18
23:29",*346,Aroma Kava,5814,-41,-41,980,1,0,0,-19465.06
"2021-12-18
22:12",*346,"PPSAFLORA, KIYEV",5411,-203.5,-203.5,980,1,0,0,-19424.06
"2021-12-18
18:52",*346,Нова Лінія,5812,-27,-27,980,1,0,0,-19220.56
"2021-12-18
18:49",*346,"NL6 BORISPIL GORBATYUK, BORISPIL",5211,-77.78,-77.78,980,1,0,0,-19193.56
"2021-12-18
14:16",*346,"Hlibniy HL5, KIYEV",5814,-65,-65,980,1,0,0,-19115.78
"2021-12-18
13:36",*346,Сільпо,5411,-140.51,-140.51,980,1,0,0,-19050.78
"2021-12-17
16:49",*346,"SALATEJRA VASYLKIVSKA, KYIV",5814,-141,-141,980,1,0,0,-18910.27
"2021-12-17
15:10",*346,"SUNRISE*AUTOENTER_GP, KHARKIV",7523,-1028.28,-1028.28,980,1,0,0,-18769.27
"2021-12-17
10:46",*346,"TOV YAROSLAVNA, KYYIV",5814,-81,-81,980,1,0,0,-17740.99
"2021-12-17
09:05",*346,"DelviMag42, KIEV",5499,-28.5,-28.5,980,1,0,0,-17659.99
"2021-12-16
21:19",*346,"PPSAFLORA, KIYEV",5411,-141.5,-141.5,980,1,0,0,-17631.49
"2021-12-16
18:05",*346,"Lazzat, KIEV",5814,-50,-50,980,1,0,0,-17489.99
"2021-12-15
11:38",*346,"PRODUKTOVYI MAG, KYIV",5499,-55,-55,980,1,0,0,-17439.99
"2021-12-14
22:24",*346,"MOYCAR, KIEV",7542,-50,-50,980,1,0,0,-17384.99
"2021-12-14
20:22",*346,"restoran, KIEV",5812,-283,-283,980,1,0,0,-17334.99
"2021-12-14
15:34",*346,"FINEX TRZ_UTILITIES, KYIV",4900,-200,-200,980,1,0,0,-17051.99
"2021-12-14
14:10",*346,Зарахування переказу на карту,6536,413.7,413.7,980,1,0,0,-16851.99
"2021-12-14
11:18",*346,"Takeit, KIYEV",5814,-51,-51,980,1,0,0,-17265.69
"2021-12-14
11:09",*346,"SUNRISE*AUTOENTER_GP, KHARKIV",7523,-1028.28,-1028.28,980,1,0,0,-17214.69
"2021-12-14
10:56",*346,"SALATEJRA VASYLKIVSKA, KYIV",5814,-177,-177,980,1,0,0,-16186.41
"2021-12-14
02:51",*346,"PARKING, KYYIV",7523,-300,-300,980,1,0,0,-16009.41
"2021-12-13
16:02",*346,"VINNYTSYACARTSERVISE, VINNYTSYA",4111,-8,-8,980,1,0,0,-15709.41
"2021-12-13
15:06",*346,"Budmo, VINNITSA",5814,-310,-310,980,1,0,0,-15701.41
"2021-12-13
14:03",*346,"Turman, VINNITSA",5814,-40,-40,980,1,0,0,-15391.41
"2021-12-12
14:03",*346,"LIQPAY*Filiya GIOC AT, DN-SK",4112,-264.28,-264.28,980,1,0,0,-15351.41
"2021-12-12
13:55",*346,Пузата хата,5814,-164,-164,980,1,0,0,-15087.13
"2021-12-12
10:54",-,NovaPay,8999,-51,-51,980,1,0,0,-14923.13
"2021-12-12
09:49",*346,"Hlibniy HL5, KIYEV",5814,-65,-65,980,1,0,0,-14872.13
"2021-12-11
22:48",*346,"LIQPAY*Filiya GIOC AT, DN-SK",4112,-416.61,-416.61,980,1,0,0,-14807.13
"2021-12-11
21:58",*346,537541****5267,4829,-88.4,-85,980,1,3.4,0,-14390.52
"2021-12-11
20:40",*346,"Restoran, KIEV",5814,-59,-59,980,1,0,0,-14302.12
"2021-12-11
17:44",*346,"SALATEJRA VASYLKIVSKA, KYIV",5814,-142,-142,980,1,0,0,-14243.12
"2021-12-11
17:09",*346,"SPLATA, KYIV",7994,-300,-300,980,1,0,0,-14101.12
"2021-12-11
15:24",*346,"BiloruskaTSukernjaMINC, KIYEV",5441,-110,-110,980,1,0,0,-13801.12
"2021-12-11
14:36",*346,Aroma Kava,5814,-31,-31,980,1,0,0,-13691.12
"2021-12-11
14:25",*346,"Produkti 2, KIYEV",5499,-57,-57,980,1,0,0,-13660.12
"2021-12-11
11:53",*346,Нова пошта,7399,-242,-242,980,1,0,0,-13603.12
"2021-12-11
11:03",*346,Сільпо,5411,-33.98,-33.98,980,1,0,0,-13361.12
"2021-12-10
20:57",*346,"PPSAFLORA, KIYEV",5411,-106,-106,980,1,0,0,-13327.14
"2021-12-10
20:49",*346,"PPSAFLORA, KIYEV",5411,-112,-112,980,1,0,0,-13221.14
"2021-12-10
16:42",*346,"GORKii ESPRESSO BAR, KIEV",5814,-45,-45,980,1,0,0,-13109.14
"2021-12-10
15:05",*346,"SALATEJRA VASYLKIVSKA, KYIV",5814,-156,-156,980,1,0,0,-13064.14
"2021-12-10
13:27",*346,McDonald’s,5814,-36,-36,980,1,0,0,-12908.14
"2021-12-10
07:52",*346,"SUNRISE*AutoEnterprise, KHARKIV",7523,-1028.28,-1028.28,980,1,0,0,-12872.14
"2021-12-09
22:39",*346,"LIQPAY*Vegetus, DN-SK",5411,-284.9,-284.9,980,1,0,0,-11843.86
"2021-12-09
18:25",*346,Сільпо,5411,-76.78,-76.78,980,1,0,0,-11558.96
"2021-12-09
15:46",*346,"MagazinProdukti, KIEV",5499,-56,-56,980,1,0,0,-11482.18
"2021-12-09
14:41",*346,"AJLAVBAR, KIEV",5814,-40,-40,980,1,0,0,-11426.18
"2021-12-09
10:31",*346,"BiloruskaTSukernjaMINC, KIYEV",5441,-24,-24,980,1,0,0,-11386.18
"2021-12-09
10:28",*346,"BiloruskaTSukernjaMINC, KIYEV",5441,-30,-30,980,1,0,0,-11362.18
"2021-12-09
09:24",*346,536354****4950,4829,-577.2,-555,980,1,22.2,0,-11332.18
"2021-12-09
08:40",*346,"Besarabika, KIEV",5814,-35,-35,980,1,0,0,-10754.98
"2021-12-08
22:13",*346,"FINEX TRZ_UTILITIES, KYIV",4900,-200,-200,980,1,0,0,-10719.98
"2021-12-08
21:24",*346,516933****0952,4829,-884,-850,980,1,34,0,-10519.98
"2021-12-08
21:08",*346,"3000850, KIEV",5411,-14.99,-14.99,980,1,0,0,-9635.98
"2021-12-08
19:27",*346,Сільпо,5411,-45.81,-45.81,980,1,0,0,-9620.99
"2021-12-08
16:15",*346,"KHLIBNA KAVAKOLODIAC, KYIV",5462,-45,-45,980,1,0,0,-9575.18
"2021-12-08
12:14",*346,"KAFE, KYIV",5812,-185,-185,980,1,0,0,-9530.18
"2021-12-08
11:38",*346,"KAFE, KYIV",5812,-55,-55,980,1,0,0,-9345.18
"2021-12-07
21:12",*346,"Produkti, KIYEV",5499,-36.13,-36.13,980,1,0,0,-9290.18
"2021-12-07
16:01",*346,"SALATEJRA VASYLKIVSKA, KYIV",5814,-177,-177,980,1,0,0,-9254.05
"2021-12-07
13:57",*346,McDonald’s,5814,-36,-36,980,1,0,0,-9077.05
"2021-12-07
12:42",*346,"LIQPAY*Internet-magazi, DN-SK",5411,-439,-439,980,1,0,0,-9041.05
"2021-12-07
08:40",*346,McDonald’s,5814,-36,-36,980,1,0,0,-8602.05
"2021-12-06
21:51",*346,516936****2444,4829,-104,-100,980,1,4,0,-8566.05
"2021-12-06
20:27",*346,"KYIVSKYI METROPOLITEN, KYIV",4111,-8,-8,980,1,0,0,-8462.05
"2021-12-06
20:14",*346,"BarZmist, KIYEV",5814,-450,-450,980,1,0,0,-8454.05
"2021-12-06
18:54",*346,516874****8817,4829,-515.84,-496,980,1,19.84,0,-8004.05
"2021-12-06
17:10",*346,"KYIVSKYI METROPOLITEN, KYIV",4111,-8,-8,980,1,0,0,-7488.21
"2021-12-06
14:51",*346,Нова пошта,7399,-273,-273,980,1,0,0,-7480.21
"2021-12-06
13:23",*346,"SUNRISE*AUTOENTER_GP, KHARKIV",7523,-1028.28,-1028.28,980,1,0,0,-7207.21
"2021-12-06
12:46",*346,Пузата хата,5814,-150,-150,980,1,0,0,-6178.93
"2021-12-06
12:11",*346,"Monserrat, KIYEV",5814,-60,-60,980,1,0,0,-6028.93
"2021-12-05
19:13",*346,"SHaurma, KIYEV",5814,-55,-55,980,1,0,0,-5968.93
"2021-12-05
17:46",*346,"LIQPAY*Artdetejling Yu, DN-SK",5533,-630,-630,980,1,0,0,-5913.93
"2021-12-05
12:45",*346,Сільпо,5411,-33.98,-33.98,980,1,0,0,-5283.93
"2021-12-05
10:45",*346,"KitKad, KIYEV",5814,-40,-40,980,1,0,0,-5249.95
"2021-12-04
19:33",*346,"PecherskMal, KIEV",5499,-50,-50,980,1,0,0,-5209.95
"2021-12-04
19:27",*346,"Kavaman, KIEV",5814,-27,-27,980,1,0,0,-5159.95
"2021-12-04
19:03",*346,"MIKSMART, KIEV",5499,-65,-65,980,1,0,0,-5132.95
"2021-12-04
01:51",*346,"RESTORAN Boho, KYIV",5812,-605,-605,980,1,0,0,-5067.95
"2021-12-04
01:32",*346,"FINEX TRZ_UTILITIES, KYIV",4900,-200,-200,980,1,0,0,-4462.95
"2021-12-03
15:56",*346,"PARADISE, KYIV",5812,-50,-50,980,1,0,0,-4262.95
"2021-12-03
12:20",*346,Нова пошта,7399,-62,-62,980,1,0,0,-4212.95
"2021-12-03
12:19",*346,Нова пошта,6538,-1601.6,-1540,980,1,61.6,0,-4150.95
"2021-12-03
11:55",*346,"PILKI, KYIV",7230,-520,-520,980,1,0,0,-2549.35
"2021-12-03
10:35",*346,"KAFE, KIEV",5812,-64,-64,980,1,0,0,-2029.35
"2021-12-03
10:14",*346,"SUNRISE*AUTOENTER_GP, KHARKIV",7523,-1028.28,-1028.28,980,1,0,0,-1965.35
"2021-12-02
13:28",*346,Uber,4121,-139.73,-139.73,980,1,0,0,-937.07
"2021-12-02
12:02",*346,"043-30619, KYYIV",5814,-25,-25,980,1,0,0,-797.34
"2021-12-02
09:35",*346,"KAVA Z SOBOIu, VINNITSA",5499,-42,-42,980,1,0,0,-772.34
"2021-12-01
17:39",*346,"LIQPAY*Filiya GIOC AT, DN-SK",4112,-219.02,-219.02,980,1,0,0,-730.34
"2021-12-01
16:39",*346,"SHtrudelToGo, VINNITSA",5814,-33,-33,980,1,0,0,-511.32
"2021-12-01
16:25",*346,"Freezor, VINNITSA",7230,-550,-550,980,1,0,0,-478.32
"2021-11-01
00:03",-,"Списання відсотків за використання кредитного
ліміту",4829,-32.01,-32.01,980,1,0,0,71.68
"2021-10-02
22:23",*346,Зі своєї картки,6538,-60.6,-60,980,1,0.6,0,103.69
"2021-10-02
21:11",*346,Зі своєї картки,6538,-30.3,-30,980,1,0.3,0,164.29
"2021-10-02
18:49",*346,Зарахування переказу на карту,6536,105,105,980,1,0,0,194.59
"2021-10-02
18:46",*346,Зарахування переказу на карту,6536,100,100,980,1,0,0,89.59
"2021-10-02
18:28",*346,Зарахування переказу на карту,6536,100,100,980,1,0,0,-10.41
"2021-10-02
18:26",*346,Поповнення карти у терміналі I-Box,6010,3400,3400,980,1,0,0,-110.41
"2021-10-02
18:24",*346,Поповнення карти у терміналі I-Box,6010,4600,4600,980,1,0,0,-3510.41
"2021-10-02
18:22",*346,Поповнення карти у терміналі I-Box,6010,4800,4800,980,1,0,0,-8110.41
"2021-10-02
18:19",*346,Поповнення карти у терміналі I-Box,6010,4800,4800,980,1,0,0,-12910.41
"2021-10-02
18:17",*346,Поповнення карти у терміналі I-Box,6010,4800,4800,980,1,0,0,-17710.41
"2021-10-02
18:14",*346,Поповнення карти у терміналі I-Box,6010,4900,4900,980,1,0,0,-22510.41
"2021-10-02
07:11",*346,Зарахування переказу на карту,6536,731.36,731.36,980,1,0,0,-27410.41
"2021-10-01
21:29",*346,Поповнення карти у терміналі I-Box,6010,1500,1500,980,1,0,0,-28141.77
"2021-10-01
00:03",-,"Списання відсотків за використання кредитного
ліміту",4829,-979.89,-979.89,980,1,0,0,-29641.77
"2021-09-27
14:16",*346,Поповнення карти у терміналі I-Box,6010,1000,1000,980,1,0,0,-28661.88
"2021-09-01
18:47",*346,Поповнення карти у терміналі I-Box,6010,700,700,980,1,0,0,-29661.88
"2021-09-01
00:03",-,"Списання відсотків за використання кредитного
ліміту",4829,-1032.92,-1032.92,980,1,0,0,-30361.88
"2021-08-26
13:10",*346,Поповнення карти у терміналі I-Box,6010,1600,1600,980,1,0,0,-29328.96
"2021-08-01
00:03",-,"Списання відсотків за використання кредитного
ліміту",4829,-979.88,-979.88,980,1,0,0,-30928.96
"2021-07-25
16:05",*346,"SALATEJRA VASYLKIVSKA, KYIV",5814,-167,-167,980,1,0,0,-29949.08
"2021-07-25
15:23",*346,"WakeUp, KIYEV",5814,-45,-45,980,1,0,0,-29782.08
"2021-07-25
08:55",*346,"WakeUp, KIYEV",5814,-40,-40,980,1,0,0,-29737.08
"2021-07-24
23:04",*346,"Lazzathalal, KIEV",5814,-50,-50,980,1,0,0,-29697.08
"2021-07-24
11:39",*346,"TOV YAROSLAVNA, KYYIV",5814,-48,-48,980,1,0,0,-29647.08
"2021-07-24
09:18",*346,"WakeUp, KIYEV",5814,-40,-40,980,1,0,0,-29599.08
"2021-07-23
19:30",*346,"TOV YAROSLAVNA, KYYIV",5814,-74,-74,980,1,0,0,-29559.08
"2021-07-23
18:30",*346,"WakeUp, KIYEV",5814,-45,-45,980,1,0,0,-29485.08
"2021-07-23
07:19",*346,"WakeUp, KIYEV",5814,-40,-40,980,1,0,0,-29440.08
"2021-07-22
19:53",*346,"PYTNA VODA, KYYIV",5499,-24,-24,980,1,0,0,-29400.08
"2021-07-22
19:34",-,Trnzbusiness,8999,-300,-300,980,1,0,0,-29376.08
"2021-07-22
16:39",*346,"WakeUp, KIYEV",5814,-45,-45,980,1,0,0,-29076.08
"2021-07-22
16:38",*346,"VEGANUTI, KYYIV",5814,-90,-90,980,1,0,0,-29031.08
"2021-07-22
06:58",*346,"WakeUp, KIYEV",5814,-40,-40,980,1,0,0,-28941.08
"2021-07-21
20:49",*346,"BiloruskaTSukernjaMINC, KIYEV",5441,-60,-60,980,1,0,0,-28901.08
"2021-07-21
19:21",*346,"TOV Osnova Info, KIYEV",5411,-22,-22,980,1,0,0,-28841.08
"2021-07-21
16:46",*346,"WakeUp, KIYEV",5814,-30,-30,980,1,0,0,-28819.08
"2021-07-21
10:28",*346,"WakeUp, KIYEV",5814,-40,-40,980,1,0,0,-28789.08
"2021-07-20
16:02",*346,"Idalnja, KIEV",5814,-66,-66,980,1,0,0,-28749.08
"2021-07-20
13:03",-,Uklon,4121,-86,-86,980,1,0,0,-28683.08
"2021-07-20
13:03",-,Скасування. Uklon,4121,1,1,980,1,0,0,-28597.08
"2021-07-20
13:03",-,Uklon,4121,-1,-1,980,1,0,0,-28598.08
"2021-07-20
13:00",*346,Uber,4121,-25,-25,980,1,0,0,-28597.08
"2021-07-20
12:42",*346,"KPMiskijmagazin, KIEV",5499,-20,-20,980,1,0,0,-28572.08
"2021-07-20
12:36",*346,"KPMiskijmagazin, KIEV",5499,-39,-39,980,1,0,0,-28552.08
"2021-07-20
12:10",*346,"COFFEELAT, KIEV",5814,-47,-47,980,1,0,0,-28513.08
"2021-07-20
08:42",*346,"WFP*YAKABOO.UA_, ZAPORIZHZHIA",5942,-147,-147,980,1,0,0,-28466.08
"2021-07-19
17:57",*346,Фора,5499,-451.57,-451.57,980,1,0,0,-28319.08
"2021-07-18
21:21",*346,"ParkPeremoga, KIEV",5499,-63,-63,980,1,0,0,-27867.51
"2021-07-18
14:16",*346,"Produkti, KIYEV",5499,-46,-46,980,1,0,0,-27804.51
"2021-07-18
09:44",*346,Фора,5499,-34.98,-34.98,980,1,0,0,-27758.51
"2021-07-17
18:59",*346,Фора,5499,-35.99,-35.99,980,1,0,0,-27723.53
"2021-07-16
16:01",*346,Uklon,4121,-405,-405,980,1,0,0,-27687.54
"2021-07-01
18:44",*346,Поповнення карти у терміналі I-Box,6010,2000,2000,980,1,0,0,-27282.54
"2021-07-01
00:03",-,"Списання відсотків за використання кредитного
ліміту",4829,-897.91,-897.91,980,1,0,0,-29282.54
"2021-06-28
07:30",*346,АТБ,5411,-51.1,-51.1,980,1,0,0,-28384.63
"2021-06-27
18:05",*346,Сільпо,5411,-99.7,-99.7,980,1,0,0,-28333.53
"2021-06-26
18:44",*346,"SHOP ARMANI JEANS, KYIV",5651,-1328,-1328,980,1,0,0,-28233.83
"2021-06-24
21:13",*346,Поповнення карти у терміналі I-Box,6010,1500,1500,980,1,0,0,-26905.83
"2021-06-14
20:43",*346,"UAPAY, KYIV",9399,-702.44,-702.44,980,1,0,0,-28405.83
"2021-06-11
17:23",*346,"SUNRISE*AUTOENTER_GP, KHARKIV",7523,-1850.91,-1850.91,980,1,0,0,-27703.39
"2021-06-01
00:03",-,"Списання відсотків за використання кредитного
ліміту",4829,-758.47,-758.47,980,1,0,0,-25852.48
"2021-05-31
16:05",*346,"Щомісячний платіж за кредитним договором
""Розстрочка миттєва"" №ABH0CU30122142560
від 2020-12-01",4829,-3334.44,-3334.44,980,1,0,0,-25094.01
"2021-05-01
18:38",*346,Поповнення карти у терміналі I-Box,6010,3000,3000,980,1,0,0,-21759.57
"2021-05-01
00:03",-,"Списання відсотків за використання кредитного
ліміту",4829,-1082.63,-1082.63,980,1,0,0,-24759.57
"2021-04-28
10:50",*346,"Щомісячний платіж за кредитним договором
""Розстрочка миттєва"" №ABH0CU30122142560
від 2020-12-01",5999,-3334.44,-3334.44,980,1,0,0,-23676.94
"2021-04-27
12:22",*346,Поповнення карти у терміналі I-Box,6010,4500,4500,980,1,0,0,-20342.5
"2021-04-27
12:17",*346,Поповнення карти у терміналі I-Box,6010,4500,4500,980,1,0,0,-24842.5
"2021-04-27
12:05",*346,Поповнення карти у терміналі I-Box,6010,4999,4999,980,1,0,0,-29342.5
"2021-04-01
00:03",-,"Списання відсотків за використання кредитного
ліміту",4829,-1055.15,-1055.15,980,1,0,0,-34341.5
"2021-03-28
09:21",*346,"Щомісячний платіж за кредитним договором
""Розстрочка миттєва"" №ABH0CU30122142560
від 2020-12-01",5999,-3334.44,-3334.44,980,1,0,0,-33286.35
"2021-03-01
18:18",*346,Поповнення карти у терміналі I-Box,6010,4200,4200,980,1,0,0,-29951.91
"2021-03-01
00:03",-,"Списання відсотків за використання кредитного
ліміту",4829,-805,-805,980,1,0,0,-34151.91
"2021-02-28
10:38",*346,"Щомісячний платіж за кредитним договором
""Розстрочка миттєва"" №ABH0CU30122142560
від 2020-12-01",5999,-3334.44,-3334.44,980,1,0,0,-33346.91
"2021-02-12
10:47",*346,53*8672,4829,-312,-300,980,1,12,0,-30012.47
"2021-02-12
10:44",*346,"lifecell, VINNITSA",4812,-13000,-13000,980,1,0,0,-29700.47
"2021-02-02
21:56",*346,Зарахування переказу на карту,6536,14000,14000,980,1,0,0,-16700.47
"2021-02-01
00:03",-,"Списання відсотків за використання кредитного
ліміту",4829,-1958.17,-1958.17,980,1,0,0,-30700.47
"2021-01-28
09:03",*346,"Щомісячний платіж за кредитним договором
""Розстрочка миттєва"" №ABH0CU30122142560
від 2020-12-01",5999,-3334.44,-3334.44,980,1,0,0,-28742.3
"2021-01-24
13:22",*346,Зарахування переказу на карту,6536,1200,1200,980,1,0,0,-25407.86
"2021-01-23
15:13",*346,Зарахування переказу на карту,6536,3412.85,3412.85,980,1,0,0,-26607.86
"2020-12-28
18:44",*346,Зарахування переказу на карту,6536,60,60,980,1,0,0,-30020.71
"2020-12-28
13:39",*346,Зарахування переказу на карту,6536,2985,2985,980,1,0,0,-30080.71
"2020-12-28
09:01",*346,"Щомісячний платіж за кредитним договором
""Розстрочка миттєва"" №ABH0CU30122142560
від 2020-12-01",5999,-3334.44,-3334.44,980,1,0,0,-33065.71
"2020-12-28
02:52",*346,"MOYCAR, KIEV",7542,-30,-30,980,1,0,0,-29731.27
"2020-12-28
02:21",*346,Сільпо,5411,-42.78,-42.78,980,1,0,0,-29701.27
"2020-12-27
16:33",*346,"KapheGreen13, KIEV",5814,-65,-65,980,1,0,0.65,-29658.49
"2020-12-24
21:16",*346,Сільпо,5411,-24.38,-24.38,980,1,0,0,-29593.49
"2020-12-24
13:08",*346,Нова пошта,7399,-76,-76,980,1,0,0,-29569.11
"2020-12-24
12:47",*346,"CHai69, KIYEV",5099,-84.93,-84.93,980,1,0,0,-29493.11
"2020-12-24
12:45",*346,"CHai69, KIYEV",5099,-327.75,-327.75,980,1,0,0,-29408.18
"2020-12-23
19:16",*346,"3000738, KIEV",5411,-47.87,-47.87,980,1,0,0,-29080.43
"2020-12-23
13:13",*346,"BORSCH KAFE, BORYSPIL",5814,-56,-56,980,1,0,0.56,-29032.56
"2020-12-23
10:16",*346,"parkomat, GORA",7523,-30,-30,980,1,0,0,-28976.56
"2020-12-19
09:42",*346,"BiloruskaTSukernjaMINC, KIYEV",5441,-74.5,-74.5,980,1,0,0,-28946.56
"2020-12-18
20:15",*346,"WakeUp, KIYEV",5814,-19,-19,980,1,0,0.19,-28872.06
"2020-12-18
20:09",*346,"BILLA BESSARABSKA, KYIV",5411,-50.57,-50.57,980,1,0,0,-28853.06
"2020-12-18
14:07",*346,51*7258,4829,-367.12,-353,980,1,14.12,0,-28802.49
"2020-12-17
15:53",*346,VARUS,5411,-324.71,-324.71,980,1,0,0,-28435.37
"2020-12-12
05:41",*346,51*1486,4829,-3640,-3500,980,1,140,0,-28110.66
"2020-12-03
09:25",*346,"VINNYTSYACARTSERVISE, VINNYTSYA",4111,-4,-4,980,1,0,0.04,-24470.66
"2020-12-02
09:27",*346,53*7143,4829,-5200,-5000,980,1,200,0,-24466.66
"2020-12-01
23:06",*346,"VINNYTSYACARTSERVISE, VINNYTSYA",4111,-4,-4,980,1,0,0.04,-19266.66
"2020-12-01
22:03",*346,"TTS EPITSENTR2VINNYTS, VINNYTSYA",5211,-425.16,-425.16,980,1,0,0,-19262.66
"2020-12-01
21:51",*346,"TTS EPITSENTR2VINNYTS, VINNYTSYA",5211,-52.38,-52.38,980,1,0,0,-18837.5
"2020-12-01
14:20",*346,47*6703,4829,-5200,-5000,980,1,200,0,-18785.12
"2020-12-01
12:13",-,Abnk,4829,16386,16386,980,1,0,0,-13585.12
"2020-12-01
09:29",*346,47*6703,4829,-13520,-13000,980,1,520,0,-29971.12
"2020-11-27
20:07",*346,"VINNYTSYACARTSERVISE, VINNYTSYA",4111,-4,-4,980,1,0,0,-16451.12
"2020-11-27
19:37",*346,"VINNYTSYACARTSERVISE, VINNYTSYA",4111,-4,-4,980,1,0,0,-16447.12
"2020-11-27
15:15",*346,"VINNYTSYACARTSERVISE, VINNYTSYA",4111,-4,-4,980,1,0,0,-16443.12
"2020-11-26
19:24",*346,"VINNYTSYACARTSERVISE, VINNYTSYA",4111,-4,-4,980,1,0,0,-16439.12
"2020-11-26
08:27",*346,"VINNYTSYACARTSERVISE, VINNYTSYA",4111,-4,-4,980,1,0,0,-16435.12
"2020-11-24
20:41",*346,"VINNYTSYACARTSERVISE, VINNYTSYA",4111,-4,-4,980,1,0,0,-16431.12
"2020-11-18
16:47",*346,"FOP TRYBUC SA, m. Vinnytsia",5198,-16386,-16386,980,1,0,0,-16427.12
